,mad_score_ruonia,mad_score_spread,flag_end_period,MAD_score_rate_spread,MAD_score_cover,Flag_Demand,MAD_score_repo_volume,Tax_Week_Flag,End_of_Month_Flag,End_of_Quarter_Flag,Seasonal_Factor,MAD_score_yield_spread,Flag_Nedospros,Flag_PeresprosMAD_score_CBR,MAD_score_Roskazna,Flag_Budget_Drain,Flag_Treasury_Placement_Drop,MAD_score_cover_m3
10,-3.03030303030303,1.703488372092971,1.0,0.0,0.0,False,0.0,1,0,0,1.2609349934800678,-4.615884318291087,0.0,0.0,0.0,False,False,1.7361453453683444
11,-3.12121212121212,1.703488372092971,1.0,0.0,0.0,False,0.0,1,0,0,1.2609349934800678,-4.615884318291087,0.0,0.0,0.0,False,False,1.7361453453683444
12,-3.070707070707069,-1.2558139534883437,1.0,0.0,0.0,False,0.0,1,0,0,1.2609349934800678,-2.758662124768708,1.0,1.0,0.0,False,False,-0.766198155915334
13,-3.060606060606059,-1.2558139534883437,0.0,0.0,0.0,False,0.0,1,0,0,1.2609349934800678,-2.758662124768708,0.0,0.0,0.0,False,False,-0.766198155915334
14,-3.0505050505050493,-1.2558139534883437,0.0,0.0,0.0,False,0.0,1,0,0,1.2609349934800678,-2.7443154080087635,0.0,0.0,0.0,False,False,-0.7652773095241472
15,-3.0505050505050493,-1.2558139534883437,0.0,0.0,0.0,False,0.0,1,0,0,1.2609349934800678,-2.7443154080087635,0.0,0.0,0.0,False,False,-0.7652773095241472
16,-3.0505050505050493,-1.2558139534883437,0.0,0.0,0.0,False,0.0,1,0,0,1.2609349934800678,-2.7443154080087635,0.0,0.0,0.0,False,False,-0.7652773095241472
17,-2.989898989898989,-1.2558139534883437,0.0,0.0,0.0,False,0.0,1,0,0,1.2609349934800678,-2.7443154080087635,0.0,0.0,0.0,False,False,-0.7652773095241472
18,-2.989898989898989,-1.2590361445782947,0.0,0.0,0.0,False,0.0,1,0,0,1.2609349934800678,-2.7443154080087635,0.0,0.0,0.0,False,False,-0.7652773095241472
19,-2.9797979797979792,-1.2590361445782947,0.0,0.0,0.0,False,0.0,1,0,0,1.2609349934800678,-1.17854509871724,0.0,0.0,0.0,False,False,0.6496550580953583
20,-2.939393939393939,-1.2590361445782947,0.0,0.0,0.0,False,0.0,1,0,0,1.2609349934800678,-1.17854509871724,0.0,0.0,0.0,False,False,0.6496550580953583
21,-2.9800000000000004,-1.2590361445782947,0.0,0.0,0.0,False,0.0,1,0,0,1.2609349934800678,-1.024672464815127,0.0,0.0,0.0,False,False,0.6539026522440002
22,-2.9800000000000004,-1.2590361445782947,0.0,0.0,0.0,False,0.0,1,0,0,1.2609349934800678,-1.024672464815127,0.0,0.0,0.0,False,False,0.6539026522440002
23,-2.9800000000000004,-1.2590361445782947,0.0,0.0,0.0,False,0.0,1,0,0,1.2609349934800678,-1.024672464815127,0.0,0.0,0.0,False,False,0.6539026522440002
24,-2.9800000000000004,-1.2590361445782947,0.0,0.0,0.0,False,0.0,1,0,0,1.2609349934800678,-1.024672464815127,0.0,0.0,0.0,False,False,0.6539026522440002
25,-2.9000000000000004,-1.2590361445782947,0.0,0.0,0.0,False,0.0,1,0,0,1.2609349934800678,-1.024672464815127,0.0,0.0,0.0,False,False,0.6539026522440002
26,-3.0,-1.2590361445782947,0.0,0.0,0.0,False,0.0,1,0,0,1.2609349934800678,-4.462303067403276,1.0,1.0,0.0,False,False,-0.6169021325354053
27,-2.9800000000000004,-1.2590361445782947,0.0,0.0,0.0,False,0.0,1,0,0,1.2609349934800678,-4.462303067403276,0.0,0.0,0.0,False,False,-0.6169021325354053
28,-2.8200000000000003,-1.2590361445782947,0.0,0.0,0.0,False,0.0,1,1,0,1.4,-4.162063756633388,0.0,0.0,0.0,False,False,-0.6185436862416009
29,-2.8200000000000003,-1.2590361445782947,0.0,0.0,0.0,False,0.0,1,1,0,1.4,-4.162063756633388,0.0,0.0,0.0,False,False,-0.6185436862416009
30,-2.8200000000000003,-1.2590361445782947,0.0,0.0,0.0,False,0.0,1,1,0,1.4,-4.162063756633388,0.0,0.0,0.0,False,False,-0.6185436862416009
31,-3.01,-1.2590361445782947,0.0,0.0,0.0,False,0.0,1,0,0,1.2609349934800678,-4.162063756633388,0.0,0.0,0.0,False,False,-0.6185436862416009
32,-3.140000000000001,-1.2590361445782947,0.0,0.0,0.0,False,0.0,1,0,0,1.2609349934800678,-4.162063756633388,0.0,0.0,0.0,False,False,-0.6185436862416009
33,-3.24,-1.2590361445782947,0.0,0.0,0.0,False,0.0,0,0,0,1.0,-1.08914941150346,1.0,1.0,0.0,False,False,-0.7734569763372966
34,-3.24,-1.2590361445782947,0.0,0.0,0.0,False,0.0,0,0,0,1.0,-1.08914941150346,0.0,0.0,0.0,False,False,-0.7734569763372966
35,-3.465346534653466,-1.2590361445782947,0.0,0.0,0.0,False,0.0,0,0,0,1.0,-1.0166279249210628,0.0,0.0,0.0,False,False,-0.7657835242523009
36,-3.465346534653466,-1.2590361445782947,0.0,0.0,0.0,False,0.0,0,0,0,1.0,-1.0166279249210628,0.0,0.0,0.0,False,False,-0.7657835242523009
37,-3.465346534653466,-1.2590361445782947,0.0,0.0,0.0,False,0.0,0,0,0,1.0,-1.0166279249210628,0.0,0.0,0.0,False,False,-0.7657835242523009
38,-3.910891089108912,-1.2590361445782947,1.0,0.0,0.0,False,0.0,0,0,0,1.0,-1.0166279249210628,0.0,0.0,0.0,False,False,-0.7657835242523009
39,-3.0396039603960405,-1.2590361445782947,1.0,0.0,0.0,False,0.0,0,0,0,1.0,-1.0166279249210628,0.0,0.0,0.0,False,False,-0.7657835242523009
40,-3.1089108910891103,-0.6626506024096194,1.0,0.0,0.0,False,0.0,0,0,0,1.0,1.0594093182330664,1.0,1.0,0.0,False,False,-0.6661939901640465
41,-3.17821782178218,-0.6626506024096194,0.0,0.0,0.0,False,0.0,1,0,0,1.2609349934800678,1.0594093182330664,0.0,0.0,0.0,False,False,-0.6661939901640465
42,-3.198019801980199,-0.6626506024096194,0.0,0.0,0.0,False,0.0,1,0,0,1.2609349934800678,1.015265085315444,0.0,0.0,0.0,False,False,-0.6608226189804411
43,-3.198019801980199,-0.6626506024096194,0.0,0.0,0.0,False,0.0,1,0,0,1.2609349934800678,0.9871306965127744,0.0,0.0,0.0,False,False,-0.6608226189804411
44,-3.198019801980199,-0.6626506024096194,0.0,0.0,0.0,False,0.0,1,0,0,1.2609349934800678,0.9871306965127744,0.0,0.0,0.0,False,False,-0.6608226189804411
45,-3.2799999999999967,-0.6626506024096194,0.0,0.0,0.0,False,0.0,1,0,0,1.2609349934800678,0.9871306965127744,0.0,0.0,0.0,False,False,-0.6608226189804411
46,-3.3099999999999965,-0.6315789473684037,0.0,0.0,0.0,False,0.0,1,0,0,1.2609349934800678,0.9871306965127744,0.0,0.0,0.0,False,False,-0.6608226189804411
47,-3.178217821782176,-0.6315789473684037,0.0,0.0,0.0,False,0.0,1,0,0,1.2609349934800678,2.0820238625237835,1.0,1.0,0.0,False,False,-0.6619779864447706
48,-3.1287128712871266,-0.6315789473684037,0.0,0.0,0.0,False,0.0,1,0,0,1.2609349934800678,2.0820238625237835,0.0,0.0,0.0,False,False,-0.6619779864447706
49,-3.158415841584157,-0.6315789473684037,0.0,0.0,0.0,False,0.0,1,0,0,1.2609349934800678,2.0605553890696378,0.0,0.0,0.0,False,False,-0.6471216890351407
50,-3.1089108910891072,-0.6315789473684037,0.0,0.0,0.0,False,0.0,1,0,0,1.2609349934800678,1.9668608751024,0.0,0.0,0.0,False,False,-0.6471216890351407
51,-3.1089108910891072,-0.6315789473684037,0.0,0.0,0.0,False,0.0,1,0,0,1.2609349934800678,1.9668608751024,0.0,0.0,0.0,False,False,-0.6471216890351407
52,-3.1089108910891072,-0.6315789473684037,0.0,0.0,0.0,False,0.0,0,0,0,1.0,1.9668608751024,0.0,0.0,0.0,False,False,-0.6471216890351407
53,-3.1089108910891072,-0.6315789473684037,0.0,0.0,0.0,False,0.0,0,0,0,1.0,1.9668608751024,0.0,0.0,0.0,False,False,-0.6471216890351407
54,-3.1089108910891072,-0.6315789473684037,0.0,0.0,0.0,False,0.0,1,0,0,1.2609349934800678,1.9668608751024,0.0,0.0,0.0,False,False,-0.6471216890351407
55,-3.009900990099008,-0.6315789473684037,0.0,0.0,0.0,False,0.0,1,0,0,1.2609349934800678,1.9668608751024,0.0,0.0,0.0,False,False,-0.6465724076605076
56,-2.9900990099009888,-0.6315789473684037,0.0,0.0,0.0,False,0.0,1,1,0,1.4,1.7722748520357652,0.0,0.0,0.0,False,False,-0.6596791233491404
57,-2.9900990099009888,-0.6315789473684037,0.0,0.0,0.0,False,0.0,1,1,0,1.4,1.7835412071716672,0.0,0.0,0.0,False,False,-0.6596791233491404
58,-2.9900990099009888,-0.6315789473684037,0.0,0.0,0.0,False,0.0,1,1,0,1.4,1.7835412071716672,0.0,0.0,0.0,False,False,-0.6596791233491404
59,-3.0990099009900978,-0.6315789473684037,0.0,0.0,0.0,False,0.0,1,0,0,1.2609349934800678,1.7835412071716672,0.0,0.0,0.0,False,False,-0.6596791233491404
60,-3.148514851485147,-0.6315789473684037,0.0,0.0,0.0,False,0.0,1,0,0,1.2609349934800678,1.7835412071716672,0.0,0.0,0.0,False,False,-0.6596791233491404
61,-3.0990099009900978,-0.6315789473684037,0.0,0.0,0.0,False,0.0,0,0,0,1.0,-0.990949695085272,1.0,1.0,0.0,False,False,-0.2064178306506497
62,-3.089108910891087,-0.6315789473684037,0.0,0.0,0.0,False,0.0,0,0,0,1.0,-0.990949695085272,0.0,0.0,0.0,False,False,-0.1998555514184569
63,-3.118811881188117,-0.6315789473684037,0.0,0.0,0.0,False,0.0,0,0,0,1.0,-0.9830010965316552,0.0,0.0,0.0,False,False,-0.2063768862086838
64,-3.118811881188117,-0.6315789473684037,0.0,0.0,0.0,False,0.0,0,0,0,1.0,-0.9830010965316552,0.0,0.0,0.0,False,False,-0.2063768862086838
65,-3.118811881188117,-0.6315789473684037,0.0,0.0,0.0,False,0.0,0,0,0,1.0,-0.9830010965316552,0.0,0.0,0.0,False,False,-0.2063768862086838
66,-3.118811881188117,-0.6315789473684037,0.0,0.0,0.0,False,0.0,0,0,0,1.0,-0.9830010965316552,0.0,0.0,0.0,False,False,-0.2063768862086838
67,-2.77450980392157,-0.6315789473684037,1.0,0.0,0.0,False,0.0,1,0,0,1.2609349934800678,-0.9830010965316552,0.0,0.0,0.0,False,False,-0.2063768862086838
68,-3.029411764705884,-1.4144736842105308,1.0,0.0,0.0,False,0.0,1,0,0,1.2609349934800678,0.3996795291425203,1.0,1.0,0.0,False,False,-0.7395099907786803
69,-3.0098039215686283,-1.4144736842105308,0.0,0.0,0.0,False,0.0,1,0,0,1.2609349934800678,0.3996795291425203,0.0,0.0,0.0,False,False,-0.7395099907786803
70,-2.9803921568627465,-1.4144736842105308,0.0,0.0,0.0,False,0.0,0,0,0,1.0,0.3996795291425203,0.0,0.0,0.0,False,False,-0.7395813542424045
71,-2.9803921568627465,-1.4144736842105308,0.0,0.0,0.0,False,0.0,0,0,0,1.0,0.3986171047940302,0.0,0.0,0.0,False,False,-0.7395813542424045
72,-2.9803921568627465,-1.4144736842105308,0.0,0.0,0.0,False,0.0,1,0,0,1.2609349934800678,0.3986171047940302,0.0,0.0,0.0,False,False,-0.7395813542424045
73,-2.990196078431373,-1.4144736842105308,0.0,0.0,0.0,False,0.0,1,0,0,1.2609349934800678,0.3986171047940302,0.0,0.0,0.0,False,False,-0.7395813542424045
74,-3.0099009900990104,-1.4144736842105308,0.0,0.0,0.0,False,0.0,1,0,0,1.2609349934800678,0.3986171047940302,0.0,0.0,0.0,False,False,-0.7395813542424045
75,-3.0198019801980203,-1.4144736842105308,0.0,0.0,0.0,False,0.0,1,0,0,1.2609349934800678,-0.0492725607171107,0.0,0.0,0.0,False,False,0.5277235339902713
76,-3.0198019801980203,-1.4144736842105308,0.0,0.0,0.0,False,0.0,1,0,0,1.2609349934800678,-0.0492725607171107,0.0,0.0,0.0,False,False,0.5277235339902713
77,-2.990099009900991,-1.4436619718309902,0.0,0.0,0.0,False,0.0,1,0,0,1.2609349934800678,-0.0492725607171107,0.0,0.0,0.0,False,False,0.5305255170452793
78,-2.990099009900991,-1.4436619718309902,0.0,0.0,0.0,False,0.0,0,0,0,1.0,-0.0492725607171107,0.0,0.0,0.0,False,False,0.5305255170452793
79,-2.990099009900991,-1.4436619718309902,0.0,0.0,0.0,False,0.0,1,0,0,1.2609349934800678,-0.0492725607171107,0.0,0.0,0.0,False,False,0.5305255170452793
80,-2.8910891089108914,-1.4436619718309902,0.0,0.0,0.0,False,0.0,1,0,0,1.2609349934800678,-0.0492725607171107,0.0,0.0,0.0,False,False,0.5305255170452793
81,-2.910891089108912,-1.4436619718309902,0.0,0.0,0.0,False,0.0,1,0,0,1.2609349934800678,-0.0492725607171107,0.0,0.0,0.0,False,False,0.5305255170452793
82,-2.851485148514852,-1.4436619718309902,0.0,0.0,0.0,False,0.0,1,0,0,1.2609349934800678,-0.0492725607171107,0.0,0.0,0.0,False,False,0.5305255170452793
83,-2.7227722772277234,-1.4436619718309902,0.0,0.0,0.0,False,0.0,1,0,0,1.2609349934800678,-0.0464853143722411,0.0,0.0,0.0,False,False,0.5305255170452793
84,-2.821782178217823,-1.4436619718309902,0.0,0.0,0.0,False,0.0,1,0,0,1.2609349934800678,-0.0468611970684937,0.0,0.0,0.0,False,False,0.5305255170452793
85,-2.821782178217823,-1.4436619718309902,0.0,0.0,0.0,False,0.0,0,0,0,1.0,-0.0468611970684937,0.0,0.0,0.0,False,False,0.5305255170452793
86,-2.821782178217823,-1.4436619718309902,0.0,0.0,0.0,False,0.0,1,0,0,1.2609349934800678,-0.0468611970684937,0.0,0.0,0.0,False,False,0.5305255170452793
87,-2.7,-1.4436619718309902,0.0,0.0,0.0,False,0.0,1,1,1,1.4,-0.0468611970684937,0.0,0.0,0.0,False,False,0.5305255170452793
88,-2.67,-1.4436619718309902,0.0,0.0,0.0,False,0.0,1,1,1,1.4,-0.0468611970684937,0.0,0.0,0.0,False,False,0.5305255170452793
89,-2.7,-1.4436619718309902,0.0,0.0,0.0,False,0.0,1,1,1,1.4,1.019975927224705,1.0,1.0,0.0,False,False,-0.2499432901143166
90,-2.7,-1.4436619718309902,0.0,0.0,0.0,False,0.0,1,0,0,1.2609349934800678,1.019975927224705,0.0,0.0,0.0,False,False,-0.2499432901143166
91,-2.7700000000000005,-1.4436619718309902,0.0,0.0,0.0,False,0.0,0,0,0,1.0,1.011794503667009,0.0,0.0,0.0,False,False,-0.1038885435975357
92,-2.7700000000000005,-1.4436619718309902,0.0,0.0,0.0,False,0.0,0,0,0,1.0,1.0130984454446708,0.0,0.0,0.0,False,False,-0.1038885435975357
93,-2.7700000000000005,-1.4436619718309902,0.0,0.0,0.0,False,0.0,0,0,0,1.0,1.0130984454446708,0.0,0.0,0.0,False,False,-0.1038885435975357
94,-2.9000000000000004,-1.4436619718309902,1.0,0.0,0.0,False,0.0,0,0,0,1.0,1.0130984454446708,0.0,0.0,0.0,False,False,-0.1038885435975357
95,-3.03,-1.4436619718309902,1.0,0.0,0.0,False,0.0,0,0,0,1.0,1.0130984454446708,0.0,0.0,0.0,False,False,-0.1038885435975357
96,-2.7979797979798,-0.1619718309859251,1.0,0.0,0.0,False,0.0,0,0,0,1.0,1.751382336036969,1.0,1.0,0.0,False,False,-0.5668381062466554
97,-2.7171717171717185,-0.1619718309859251,0.0,0.0,0.0,False,0.0,0,0,0,1.0,1.751382336036969,0.0,0.0,0.0,False,False,-0.5668381062466554
98,-2.7373737373737392,-0.1619718309859251,0.0,0.0,0.0,False,0.0,0,0,0,1.0,1.751382336036969,0.0,0.0,0.0,False,False,-0.5682839719336633
99,-2.7373737373737392,-0.1619718309859251,0.0,0.0,0.0,False,0.0,0,0,0,1.0,1.7777549249262428,0.0,0.0,0.0,False,False,-0.5682839719336633
100,-2.7373737373737392,-0.1619718309859251,0.0,0.0,0.0,False,0.0,0,0,0,1.0,1.7777549249262428,0.0,0.0,0.0,False,False,-0.5682839719336633
101,-2.7070707070707085,-0.1619718309859251,0.0,0.0,0.0,False,0.0,0,0,0,1.0,1.7777549249262428,0.0,0.0,0.0,False,False,-0.5682839719336633
102,-2.6464646464646484,-0.1619718309859251,0.0,0.0,0.0,False,0.0,1,0,0,1.2609349934800678,1.7777549249262428,0.0,0.0,0.0,False,False,-0.5682839719336633
103,-2.7070707070707085,-0.1619718309859251,0.0,0.0,0.0,False,0.0,1,0,0,1.2609349934800678,3.0716471368185543,1.0,1.0,0.0,False,False,0.1039885915901433
104,-2.714285714285716,0.0,0.0,0.0,0.0,False,0.0,1,0,0,1.2609349934800678,3.0716471368185543,0.0,0.0,0.0,False,False,0.1039885915901433
105,-2.734693877551021,0.0,0.0,0.0,0.0,False,0.0,1,0,0,1.2609349934800678,3.0716471368185543,0.0,0.0,0.0,False,False,0.1059754125079368
106,-2.734693877551021,0.0,0.0,0.0,0.0,False,0.0,0,0,0,1.0,3.084967015473217,0.0,0.0,0.0,False,False,0.1059754125079368
107,-2.734693877551021,0.0,0.0,0.0,0.0,False,0.0,1,0,0,1.2609349934800678,3.084967015473217,0.0,0.0,0.0,False,False,0.1059754125079368
108,-2.918367346938777,0.0,0.0,0.0,0.0,True,0.0,1,0,0,1.2609349934800678,3.084967015473217,0.0,0.0,0.0,False,False,0.1059754125079368
109,-2.816326530612246,0.0,0.0,0.0,0.0,False,0.0,1,0,0,1.2609349934800678,3.084967015473217,0.0,0.0,0.0,False,False,0.1059754125079368
110,-2.826530612244897,0.0,0.0,0.0,0.0,False,0.0,1,0,0,1.2609349934800678,0.5826158992470728,0.0,0.0,0.0,False,False,2.977034457123656
111,-2.816326530612244,0.0,0.0,0.0,0.0,False,0.0,0,0,0,1.0,0.5826158992470728,0.0,0.0,0.0,False,False,2.977034457123656
112,-2.7755102040816317,0.0,0.0,0.0,0.0,False,0.0,0,0,0,1.0,0.5826158992470728,0.0,0.0,0.0,False,False,2.977034457123656
113,-2.7755102040816317,0.0,0.0,0.0,0.0,False,0.0,0,0,0,1.0,0.5756524250707299,0.0,0.0,0.0,False,False,2.977034457123656
114,-2.7755102040816317,0.0,0.0,0.0,0.0,False,0.0,1,0,0,1.2609349934800678,0.5756524250707299,0.0,0.0,0.0,False,False,2.977034457123656
115,-2.3571428571428568,0.0,0.0,0.0,0.0,False,0.0,1,0,0,1.2609349934800678,0.5756524250707299,0.0,0.0,0.0,False,False,2.977034457123656
116,-2.5714285714285707,0.0,0.0,0.0,0.0,False,0.0,1,0,0,1.2609349934800678,0.5756524250707299,0.0,0.0,0.0,False,False,2.977034457123656
117,-2.282828282828285,0.0,0.0,0.0,0.0,False,0.0,1,1,0,1.4,0.6842929095075113,0.0,0.0,0.0,False,False,0.8095976206082824
118,-2.2525252525252544,0.0,0.0,0.0,0.0,False,0.0,1,1,0,1.4,0.6842929095075113,0.0,0.0,0.0,False,False,0.8095976206082824
119,-2.292929292929295,0.0,0.0,0.0,0.0,False,0.0,1,1,0,1.4,0.6842929095075113,0.0,0.0,0.0,False,False,0.8095976206082824
120,-2.292929292929295,0.0,0.0,0.0,0.0,False,0.0,1,0,0,1.2609349934800678,0.6842929095075113,0.0,0.0,0.0,False,False,0.8095976206082824
121,-2.292929292929295,0.0,0.0,0.0,0.0,False,0.0,0,0,0,1.0,0.6842929095075113,0.0,0.0,0.0,False,False,0.8095976206082824
122,-2.292929292929295,0.0,0.0,0.0,0.0,False,0.0,0,0,0,1.0,0.6842929095075113,0.0,0.0,0.0,False,False,0.8095976206082824
123,-2.424242424242426,0.0,0.0,0.0,0.0,False,0.0,0,0,0,1.0,0.6842929095075113,0.0,0.0,0.0,False,False,0.8095976206082824
124,-2.6224489795918373,0.0,0.0,0.0,0.0,False,0.0,0,0,0,1.0,0.6842929095075113,0.0,0.0,0.0,False,False,0.8095976206082824
125,-2.857142857142858,0.0,0.0,0.0,0.0,False,0.0,0,0,0,1.0,0.6842929095075113,0.0,0.0,0.0,False,False,0.8095976206082824
126,-2.9285714285714293,0.0,0.0,0.0,0.0,False,0.0,0,0,0,1.0,0.6842929095075113,0.0,0.0,0.0,False,False,0.8095976206082824
127,-2.9285714285714293,0.0,0.0,0.0,0.0,False,0.0,0,0,0,1.0,0.6840786057362416,0.0,0.0,0.0,False,False,0.8095976206082824
128,-2.9285714285714293,0.0,0.0,0.0,0.0,False,0.0,0,0,0,1.0,0.6840786057362416,0.0,0.0,0.0,False,False,0.8095976206082824
129,-2.9285714285714293,0.0,0.0,0.0,0.0,False,0.0,0,0,0,1.0,0.6840786057362416,0.0,0.0,0.0,False,False,0.8095976206082824
130,-2.887755102040818,0.0,1.0,0.0,0.0,False,0.0,0,0,0,1.0,0.6840786057362416,0.0,0.0,0.0,False,False,0.8095976206082824
131,-2.39795918367347,-0.0606060606060731,1.0,0.0,0.0,False,0.0,0,0,0,1.0,1.4636568654213893,1.0,1.0,0.0,False,False,0.3622209472771013
132,-2.306122448979593,-0.0606060606060731,0.0,0.0,0.0,False,0.0,0,0,0,1.0,1.4636568654213893,0.0,0.0,0.0,False,False,0.3622209472771013
133,-2.173469387755103,-0.0606060606060731,0.0,0.0,0.0,False,0.0,0,0,0,1.0,1.4636568654213893,0.0,0.0,0.0,False,False,0.3636853518444879
134,-2.173469387755103,-0.0606060606060731,0.0,0.0,0.0,False,0.0,0,0,0,1.0,1.473050050105336,0.0,0.0,0.0,False,False,0.3636853518444879
135,-2.173469387755103,-0.0606060606060731,0.0,0.0,0.0,False,0.0,1,0,0,1.2609349934800678,1.473050050105336,0.0,0.0,0.0,False,False,0.3636853518444879
136,-2.1632653061224483,-0.0606060606060731,0.0,0.0,0.0,True,0.0,1,0,0,1.2609349934800678,1.473050050105336,0.0,0.0,0.0,False,False,0.3636853518444879
137,-2.1632653061224483,-0.0606060606060731,0.0,0.0,0.0,False,0.0,1,0,0,1.2609349934800678,1.473050050105336,0.0,0.0,0.0,False,False,0.3636853518444879
138,-2.224489795918366,-0.0606060606060731,0.0,0.0,0.0,False,0.0,1,0,0,1.2609349934800678,-0.3821273279873338,0.0,0.0,0.0,False,False,1.2263942358785496
139,-2.326530612244897,0.0,0.0,0.0,0.0,False,0.0,1,0,0,1.2609349934800678,-0.3575648341487173,0.0,0.0,0.0,False,False,1.2263942358785496
140,-2.282828282828282,0.0,0.0,0.0,0.0,False,0.0,1,0,0,1.2609349934800678,-0.3575648341487173,0.0,0.0,0.0,False,False,1.221456073504594
141,-2.282828282828282,0.0,0.0,0.0,0.0,False,0.0,0,0,0,1.0,-0.3575648341487173,0.0,0.0,0.0,False,False,1.221456073504594
142,-2.282828282828282,0.0,0.0,0.0,0.0,False,0.0,0,0,0,1.0,-0.3575648341487173,0.0,0.0,0.0,False,False,1.221456073504594
143,-2.333333333333333,0.0,0.0,0.0,0.0,False,0.0,1,0,0,1.2609349934800678,-0.3575648341487173,0.0,0.0,0.0,False,False,1.221456073504594
144,-2.212121212121212,0.0,0.0,0.0,0.0,False,0.0,1,0,0,1.2609349934800678,-0.3575648341487173,0.0,0.0,0.0,False,False,1.221456073504594
145,-2.202020202020201,0.0,0.0,0.0,0.0,False,0.0,1,0,0,1.2609349934800678,0.5897211063761134,0.0,0.0,0.0,False,False,2.4783450412116883
146,-2.171717171717172,0.0,0.0,0.0,0.0,False,0.0,1,0,0,1.2609349934800678,0.5897211063761134,0.0,0.0,0.0,False,False,2.4783450412116883
147,-2.131313131313131,0.0,0.0,0.0,0.0,False,0.0,1,0,0,1.2609349934800678,0.5955670530457562,0.0,0.0,0.0,False,False,2.4783450412116883
148,-2.131313131313131,0.0,0.0,0.0,0.0,False,0.0,1,1,0,1.4,0.5934346561614471,0.0,0.0,0.0,False,False,2.4783450412116883
149,-2.131313131313131,0.0,0.0,0.0,0.0,False,0.0,1,1,0,1.4,0.5934346561614471,0.0,0.0,0.0,False,False,2.4783450412116883
150,-2.2200000000000006,0.0,0.0,0.0,0.0,False,0.0,1,1,0,1.4,0.5934346561614471,0.0,0.0,0.0,False,False,2.4783450412116883
151,-2.3000000000000007,0.0,0.0,0.0,0.0,False,0.0,1,0,0,1.2609349934800678,0.5934346561614471,0.0,0.0,0.0,False,False,2.4783450412116883
152,-2.2700000000000005,0.0,0.0,0.0,0.0,False,0.0,0,0,0,1.0,-0.0174944311993493,0.0,0.0,0.0,False,False,1.5820709832213355
153,-2.33,0.0,0.0,0.0,0.0,False,0.0,0,0,0,1.0,-0.0174944311993493,0.0,0.0,0.0,False,False,1.5820709832213355
154,-2.3200000000000003,0.0,0.0,0.0,0.0,False,0.0,0,0,0,1.0,-0.0174944311993493,0.0,0.0,0.0,False,False,1.5820709832213355
155,-2.3200000000000003,0.0,0.0,0.0,0.0,False,0.0,0,0,0,1.0,-0.0174944311993493,0.0,0.0,0.0,False,False,1.5820709832213355
156,-2.3200000000000003,0.0,0.0,0.0,0.0,False,0.0,0,0,0,1.0,-0.0174944311993493,0.0,0.0,0.0,False,False,1.5820709832213355
157,-2.6900000000000004,0.0,1.0,0.0,0.0,False,0.0,0,0,0,1.0,-0.0174944311993493,0.0,0.0,0.0,False,False,1.5820709832213355
158,-2.34,0.0,1.0,0.0,0.0,False,0.0,0,0,0,1.0,-0.0174944311993493,0.0,0.0,0.0,False,False,1.5820709832213355
159,-2.0700000000000003,2.0542635658915662,1.0,0.0,0.0,False,0.0,0,0,0,1.0,-0.2337049669198272,0.0,0.0,0.0,False,False,1.234903468652558
160,-2.0404040404040376,2.0542635658915662,0.0,0.0,0.0,False,0.0,0,0,0,1.0,-0.2107444796784073,0.0,0.0,0.0,False,False,1.234903468652558
161,-1.878787878787876,2.0542635658915662,0.0,0.0,0.0,False,0.0,0,0,0,1.0,-0.2125373493961008,0.0,0.0,0.0,False,False,1.234903468652558
162,-1.878787878787876,2.0542635658915662,0.0,0.0,0.0,False,0.0,0,0,0,1.0,-0.2125373493961008,0.0,0.0,0.0,False,False,1.234903468652558
163,-1.878787878787876,2.0542635658915662,0.0,0.0,0.0,False,0.0,0,0,0,1.0,-0.2125373493961008,0.0,0.0,0.0,False,False,1.234903468652558
164,-1.878787878787876,2.0542635658915662,0.0,0.0,0.0,False,0.0,1,0,0,1.2609349934800678,-0.2125373493961008,0.0,0.0,0.0,False,False,1.234903468652558
165,-1.7171717171717145,2.0542635658915662,0.0,0.0,0.0,False,0.0,1,0,0,1.2609349934800678,-0.2125373493961008,0.0,0.0,0.0,False,False,1.234903468652558
166,-1.7171717171717145,2.0542635658915662,0.0,0.0,0.0,False,0.0,1,0,0,1.2609349934800678,-0.2079912545553558,0.0,0.0,0.0,False,False,0.789283781483004
167,-1.7272727272727253,2.0542635658915662,0.0,0.0,0.0,False,0.0,1,0,0,1.2609349934800678,-0.2079912545553558,0.0,0.0,0.0,False,False,0.789283781483004
168,-1.7373737373737352,2.0542635658915662,0.0,0.0,0.0,False,0.0,1,0,0,1.2609349934800678,-0.2247471499627261,0.0,0.0,0.0,False,False,0.789283781483004
169,-1.7373737373737352,2.0542635658915662,0.0,0.0,0.0,False,0.0,1,0,0,1.2609349934800678,-0.2247471499627261,0.0,0.0,0.0,False,False,0.789283781483004
170,-1.7373737373737352,2.0542635658915662,0.0,0.0,0.0,False,0.0,1,0,0,1.2609349934800678,-0.2247471499627261,0.0,0.0,0.0,False,False,0.789283781483004
171,-1.9090909090909067,2.0542635658915662,0.0,0.0,0.0,True,0.0,1,0,0,1.2609349934800678,-0.2247471499627261,0.0,0.0,0.0,False,False,0.789283781483004
172,-1.87,2.0542635658915662,0.0,0.0,0.0,False,0.0,1,0,0,1.2609349934800678,-0.2247471499627261,0.0,0.0,0.0,False,False,0.789283781483004
173,-1.96,2.0542635658915662,0.0,0.0,0.0,False,0.0,0,0,0,1.0,1.821106242648611,1.0,1.0,0.0,False,False,0.2417092654282181
174,-1.95,2.0542635658915662,0.0,0.0,0.0,False,0.0,1,0,0,1.2609349934800678,1.821106242648611,0.0,0.0,0.0,False,False,0.2417092654282181
175,-1.62,2.0542635658915662,0.0,0.0,0.0,False,0.0,1,0,0,1.2609349934800678,1.6853347068022615,0.0,0.0,0.0,False,False,0.2426864594721672
176,-1.62,2.0542635658915662,0.0,0.0,0.0,False,0.0,1,0,0,1.2609349934800678,1.7117814933126525,0.0,0.0,0.0,False,False,0.2426864594721672
177,-1.62,2.0542635658915662,0.0,0.0,0.0,False,0.0,1,0,0,1.2609349934800678,1.7117814933126525,0.0,0.0,0.0,False,False,0.2426864594721672
178,-1.59,2.0542635658915662,0.0,0.0,0.0,False,0.0,1,1,1,1.4,1.7117814933126525,0.0,0.0,0.0,False,False,0.2426864594721672
179,-1.63,2.0542635658915662,0.0,0.0,0.0,False,0.0,1,1,1,1.4,1.7117814933126525,0.0,0.0,0.0,False,False,0.2426864594721672
180,-1.7699999999999996,2.0542635658915662,0.0,0.0,0.0,False,0.0,1,1,1,1.4,-0.2520731505413242,1.0,1.0,0.0,False,False,-0.0798100217731316
181,-1.9800000000000024,2.0542635658915662,0.0,0.0,0.0,False,0.0,1,0,0,1.2609349934800678,-0.2284490114271017,0.0,0.0,0.0,False,False,-0.0798100217731316
182,-1.9300000000000013,2.0542635658915662,0.0,0.0,0.0,False,0.0,1,0,0,1.2609349934800678,-0.2284490114271017,0.0,0.0,0.0,False,False,-0.0726441822106168
183,-1.9300000000000013,2.0542635658915662,0.0,0.0,0.0,False,0.0,0,0,0,1.0,-0.2284490114271017,0.0,0.0,0.0,False,False,-0.0726441822106168
184,-1.9300000000000013,2.0542635658915662,0.0,0.0,0.0,False,0.0,0,0,0,1.0,-0.2284490114271017,0.0,0.0,0.0,False,False,-0.0726441822106168
185,-1.730000000000002,2.0542635658915662,1.0,0.0,0.0,False,0.0,0,0,0,1.0,-0.2284490114271017,0.0,0.0,0.0,False,False,-0.0726441822106168
186,-1.770000000000002,2.0542635658915662,1.0,0.0,0.0,False,0.0,0,0,0,1.0,-0.2284490114271017,0.0,0.0,0.0,False,False,-0.0726441822106168
187,-1.6800000000000013,4.263565891473024,1.0,0.0,0.0,False,0.0,0,0,0,1.0,-0.2591633559578847,0.0,0.0,0.0,False,False,0.634327435876481
188,-1.6300000000000014,4.263565891473024,0.0,0.0,0.0,False,0.0,0,0,0,1.0,-0.2581746405139468,0.0,0.0,0.0,False,False,0.634327435876481
189,-1.560000000000001,4.263565891473024,0.0,0.0,0.0,False,0.0,0,0,0,1.0,-0.2795893402285729,0.0,0.0,0.0,False,False,0.6511108392454633
190,-1.560000000000001,4.263565891473024,0.0,0.0,0.0,False,0.0,0,0,0,1.0,-0.2795893402285729,0.0,0.0,0.0,False,False,0.6511108392454633
191,-1.560000000000001,4.263565891473024,0.0,0.0,0.0,False,0.0,0,0,0,1.0,-0.2795893402285729,0.0,0.0,0.0,False,False,0.6511108392454633
192,-1.5400000000000014,4.263565891473024,0.0,0.0,0.0,False,0.0,0,0,0,1.0,-0.2795893402285729,0.0,0.0,0.0,False,False,0.6511108392454633
193,-1.494949494949495,4.263565891473024,0.0,0.0,0.0,False,0.0,1,0,0,1.2609349934800678,-0.2795893402285729,0.0,0.0,0.0,False,False,0.6511108392454633
194,-1.4444444444444446,4.263565891473024,0.0,0.0,0.0,False,0.0,1,0,0,1.2609349934800678,-0.2233564835651454,0.0,0.0,0.0,False,False,0.7032116341685616
195,-1.42,4.263565891473024,0.0,0.0,0.0,False,0.0,1,0,0,1.2609349934800678,-0.2232779901885803,0.0,0.0,0.0,False,False,0.7032116341685616
196,-1.3099999999999996,4.263565891473024,0.0,0.0,0.0,False,0.0,1,0,0,1.2609349934800678,-0.2232779901885803,0.0,0.0,0.0,False,False,0.7032116341685616
197,-1.3099999999999996,4.263565891473024,0.0,0.0,0.0,False,0.0,0,0,0,1.0,-0.2232779901885803,0.0,0.0,0.0,False,False,0.7032116341685616
198,-1.3099999999999996,4.263565891473024,0.0,0.0,0.0,False,0.0,1,0,0,1.2609349934800678,-0.2232779901885803,0.0,0.0,0.0,False,False,0.7032116341685616
199,-1.239999999999999,4.263565891473024,0.0,0.0,0.0,True,0.0,1,0,0,1.2609349934800678,-0.2232779901885803,0.0,0.0,0.0,False,False,0.7032116341685616
200,-1.17,4.263565891473024,0.0,0.0,0.0,False,0.0,1,0,0,1.2609349934800678,-0.2232779901885803,0.0,0.0,0.0,False,False,0.7032116341685616
201,-1.2599999999999998,4.263565891473024,0.0,0.0,0.0,False,0.0,1,0,0,1.2609349934800678,-0.2727169897070657,0.0,0.0,0.0,False,False,2.423058013226768
202,-1.3199999999999994,4.263565891473024,0.0,0.0,0.0,False,0.0,0,0,0,1.0,-0.2727169897070657,0.0,0.0,0.0,False,False,2.423058013226768
203,-1.2727272727272725,4.263565891473024,0.0,0.0,0.0,False,0.0,0,0,0,1.0,-0.2827010308243703,0.0,0.0,0.0,False,False,2.423058013226768
204,-1.2727272727272725,4.263565891473024,0.0,0.0,0.0,False,0.0,0,0,0,1.0,-0.2827010308243703,0.0,0.0,0.0,False,False,2.423058013226768
205,-1.2727272727272725,4.263565891473024,0.0,0.0,0.0,False,0.0,1,0,0,1.2609349934800678,-0.2827010308243703,0.0,0.0,0.0,False,False,2.423058013226768
206,-0.7676767676767673,4.263565891473024,0.0,0.0,0.0,False,0.0,1,0,0,1.2609349934800678,-0.2827010308243703,0.0,0.0,0.0,False,False,2.423058013226768
207,-0.7777777777777772,4.263565891473024,0.0,0.0,0.0,False,0.0,1,0,0,1.2609349934800678,-0.2827010308243703,0.0,0.0,0.0,False,False,2.423058013226768
208,-0.4081632653061217,4.263565891473024,0.0,0.0,0.0,False,0.0,1,0,0,1.2609349934800678,-0.3827571067396746,1.0,1.0,0.0,False,False,-0.6735310584877316
209,0.1836734693877556,4.263565891473024,0.0,0.0,0.0,False,0.0,1,1,0,1.4,-0.3827571067396746,0.0,0.0,0.0,False,False,-0.6735310584877316
210,-0.2551020408163264,4.263565891473024,0.0,0.0,0.0,False,0.0,1,1,0,1.4,-0.3922441110937943,0.0,0.0,0.0,False,False,-0.6745
211,-0.2551020408163264,4.263565891473024,0.0,0.0,0.0,False,0.0,1,1,0,1.4,-0.3922441110937943,0.0,0.0,0.0,False,False,-0.6745
212,-0.2551020408163264,4.263565891473024,0.0,0.0,0.0,False,0.0,1,0,0,1.2609349934800678,-0.3922441110937943,0.0,0.0,0.0,False,False,-0.6745
213,-0.8367346938775501,4.263565891473024,0.0,0.0,0.0,False,0.0,1,0,0,1.2609349934800678,-0.3922441110937943,0.0,0.0,0.0,False,False,-0.6745
214,-1.4285714285714275,4.263565891473024,0.0,0.0,0.0,False,0.0,1,0,0,1.2609349934800678,-0.3922441110937943,0.0,0.0,0.0,False,False,-0.6745
215,-1.173469387755101,4.263565891473024,0.0,0.0,0.0,False,0.0,0,0,0,1.0,-0.4563838490676278,1.0,1.0,0.0,False,False,-0.6828842970733073
216,-1.285714285714285,4.263565891473024,0.0,0.0,0.0,False,0.0,0,0,0,1.0,-0.4563838490676278,0.0,0.0,0.0,False,False,-0.6828842970733073
217,-1.0102040816326527,4.263565891473024,0.0,0.0,0.0,False,0.0,0,0,0,1.0,-0.4563838490676278,0.0,0.0,0.0,False,False,-0.6819151327704962
218,-1.0102040816326527,4.263565891473024,0.0,0.0,0.0,False,0.0,0,0,0,1.0,-0.4563838490676278,0.0,0.0,0.0,False,False,-0.6819151327704962
219,-1.0102040816326527,4.263565891473024,0.0,0.0,0.0,False,0.0,0,0,0,1.0,-0.4563838490676278,0.0,0.0,0.0,False,False,-0.6819151327704962
220,-0.8061224489795915,4.263565891473024,1.0,0.0,0.0,False,0.0,0,0,0,1.0,-0.4563838490676278,0.0,0.0,0.0,False,False,-0.6819151327704962
221,-0.7755102040816321,4.263565891473024,1.0,0.0,0.0,False,0.0,0,0,0,1.0,-0.4563838490676278,0.0,0.0,0.0,False,False,-0.6819151327704962
222,-0.7938144329896898,4.581395348837367,1.0,0.0,0.0,False,0.0,0,0,0,1.0,-0.2419970617327722,1.0,1.0,0.0,False,False,-0.6300098851177784
223,-0.6938775510204076,4.581395348837367,0.0,0.0,0.0,False,0.0,1,0,0,1.2609349934800678,-0.2256111534254332,0.0,0.0,0.0,False,False,-0.6300098851177784
224,-0.6224489795918368,4.581395348837367,0.0,0.0,0.0,False,0.0,1,0,0,1.2609349934800678,-0.2375206342936407,0.0,0.0,0.0,False,False,-0.6308390898278157
225,-0.6224489795918368,4.581395348837367,0.0,0.0,0.0,False,0.0,1,0,0,1.2609349934800678,-0.2375206342936407,0.0,0.0,0.0,False,False,-0.6308390898278157
226,-0.6224489795918368,4.581395348837367,0.0,0.0,0.0,False,0.0,1,0,0,1.2609349934800678,-0.2375206342936407,0.0,0.0,0.0,False,False,-0.6308390898278157
227,-0.5102040816326529,4.581395348837367,0.0,0.0,0.0,True,0.0,1,0,0,1.2609349934800678,-0.2375206342936407,0.0,0.0,0.0,False,False,-0.6308390898278157
228,-0.3061224489795915,4.581395348837367,0.0,0.0,0.0,False,0.0,1,0,0,1.2609349934800678,-0.2375206342936407,0.0,0.0,0.0,False,False,-0.6308390898278157
229,-0.5306122448979586,4.581395348837367,0.0,0.0,0.0,False,0.0,1,0,0,1.2609349934800678,-0.3253041766726381,1.0,1.0,0.0,False,False,-0.5508394035824737
230,-0.5510204081632651,4.581395348837367,0.0,0.0,0.0,False,0.0,1,0,0,1.2609349934800678,-0.3185785988890473,0.0,0.0,0.0,False,False,-0.5508394035824737
231,-0.5567010309278352,4.581395348837367,0.0,0.0,0.0,False,0.0,1,0,0,1.2609349934800678,-0.3185785988890473,0.0,0.0,0.0,False,False,-0.5503344003674343
232,-0.5567010309278352,4.581395348837367,0.0,0.0,0.0,False,0.0,1,0,0,1.2609349934800678,-0.3185785988890473,0.0,0.0,0.0,False,False,-0.5503344003674343
233,-0.5567010309278352,4.581395348837367,0.0,0.0,0.0,False,0.0,0,0,0,1.0,-0.3185785988890473,0.0,0.0,0.0,False,False,-0.5503344003674343
234,-0.6185567010309276,4.581395348837367,0.0,0.0,0.0,False,0.0,0,0,0,1.0,-0.3185785988890473,0.0,0.0,0.0,False,False,-0.5503344003674343
235,-0.5729166666666665,4.581395348837367,0.0,0.0,0.0,False,0.0,1,0,0,1.2609349934800678,-0.3185785988890473,0.0,0.0,0.0,False,False,-0.5503344003674343
236,-0.510416666666667,4.581395348837367,0.0,0.0,0.0,False,0.0,1,0,0,1.2609349934800678,-0.2924149222724584,1.0,1.0,0.0,False,False,-0.5786936982691612
237,-0.5416666666666663,4.581395348837367,0.0,0.0,0.0,False,0.0,1,0,0,1.2609349934800678,-0.2644231662683308,0.0,0.0,0.0,False,False,-0.5786936982691612
238,-0.5520833333333336,4.581395348837367,0.0,0.0,0.0,False,0.0,0,0,0,1.0,-0.2644231662683308,0.0,0.0,0.0,False,False,-0.5686523699249255
239,-0.5520833333333336,4.581395348837367,0.0,0.0,0.0,False,0.0,0,0,0,1.0,-0.2644231662683308,0.0,0.0,0.0,False,False,-0.5686523699249255
240,-0.5520833333333336,4.581395348837367,0.0,0.0,0.0,False,0.0,1,1,0,1.4,-0.2644231662683308,0.0,0.0,0.0,False,False,-0.5686523699249255
241,-0.510416666666667,4.581395348837367,0.0,0.0,0.0,False,0.0,1,1,0,1.4,-0.2644231662683308,0.0,0.0,0.0,False,False,-0.5686523699249255
242,-0.5416666666666663,4.581395348837367,0.0,0.0,0.0,False,0.0,1,1,0,1.4,-0.2644231662683308,0.0,0.0,0.0,False,False,-0.5686523699249255
243,-0.708333333333333,4.581395348837367,0.0,0.0,0.0,False,0.0,1,0,0,1.2609349934800678,-0.3373599841593105,1.0,1.0,0.0,False,False,-0.5781823055165553
244,-1.0,4.581395348837367,0.0,0.0,0.0,False,0.0,0,0,0,1.0,-0.3338371502382913,0.0,0.0,0.0,False,False,-0.5781823055165553
245,-0.7157894736842101,4.581395348837367,0.0,0.0,0.0,False,0.0,0,0,0,1.0,-0.3338371502382913,0.0,0.0,0.0,False,False,-0.5780635385228664
246,-0.7157894736842101,4.581395348837367,0.0,0.0,0.0,False,0.0,0,0,0,1.0,-0.3338371502382913,0.0,0.0,0.0,False,False,-0.5780635385228664
247,-0.7157894736842101,4.581395348837367,0.0,0.0,0.0,False,0.0,0,0,0,1.0,-0.3338371502382913,0.0,0.0,0.0,False,False,-0.5780635385228664
248,-0.7578947368421058,4.581395348837367,1.0,0.0,0.0,False,0.0,0,0,0,1.0,-0.3338371502382913,0.0,0.0,0.0,False,False,-0.5780635385228664
249,-0.6914893617021277,4.581395348837367,1.0,0.0,0.0,False,0.0,0,0,0,1.0,-0.3338371502382913,0.0,0.0,0.0,False,False,-0.5780635385228664
250,-0.585106382978723,4.883720930232731,1.0,0.0,0.0,False,0.0,0,0,0,1.0,1.7877748559698168,1.0,1.0,0.0,False,False,-0.8171390020481162
251,-0.5161290322580652,4.883720930232731,0.0,0.0,0.0,False,0.0,0,0,0,1.0,1.7877748559698168,0.0,0.0,0.0,False,False,-0.8171390020481162
252,-0.3225806451612902,4.883720930232731,0.0,0.0,0.0,False,0.0,0,0,0,1.0,1.781389130069884,0.0,0.0,0.0,False,False,-0.8191627311708073
253,-0.3225806451612902,4.883720930232731,0.0,0.0,0.0,False,0.0,0,0,0,1.0,1.781389130069884,0.0,0.0,0.0,False,False,-0.8191627311708073
254,-0.3225806451612902,4.883720930232731,0.0,0.0,0.0,False,0.0,0,0,0,1.0,1.781389130069884,0.0,0.0,0.0,False,False,-0.8191627311708073
255,-0.3913043478260873,4.883720930232731,0.0,0.0,0.0,False,0.0,1,0,0,1.2609349934800678,1.781389130069884,0.0,0.0,0.0,False,False,-0.8191627311708073
256,-0.347826086956522,4.883720930232731,0.0,0.0,0.0,False,0.0,1,0,0,1.2609349934800678,1.781389130069884,0.0,0.0,0.0,False,False,-0.8191627311708073
257,-0.3626373626373627,4.883720930232731,0.0,0.0,0.0,False,0.0,1,0,0,1.2609349934800678,1.9505374973648324,1.0,1.0,0.0,False,False,-0.693153075601939
258,-0.3076923076923082,4.883720930232731,0.0,0.0,0.0,False,0.0,1,0,0,1.2609349934800678,1.9505374973648324,0.0,0.0,0.0,False,False,-0.693153075601939
259,-0.318681318681319,4.883720930232731,0.0,0.0,0.0,False,0.0,0,0,0,1.0,1.8564571065836724,0.0,0.0,0.0,False,False,-0.6940302750745557
260,-0.318681318681319,4.883720930232731,0.0,0.0,0.0,False,0.0,0,0,0,1.0,1.8564571065836724,0.0,0.0,0.0,False,False,-0.6940302750745557
261,-0.318681318681319,4.883720930232731,0.0,0.0,0.0,False,0.0,1,0,0,1.2609349934800678,1.8564571065836724,0.0,0.0,0.0,False,False,-0.6940302750745557
262,-0.2527472527472534,4.883720930232731,0.0,0.0,0.0,False,0.0,1,0,0,1.2609349934800678,1.8564571065836724,0.0,0.0,0.0,False,False,-0.6940302750745557
263,-0.3707865168539328,4.883720930232731,0.0,0.0,0.0,False,0.0,1,0,0,1.2609349934800678,1.8564571065836724,0.0,0.0,0.0,False,False,-0.6940302750745557
264,-0.4431818181818189,4.883720930232731,0.0,0.0,0.0,False,0.0,0,0,0,1.0,-0.430814813476681,0.0,0.0,0.0,False,False,2.534126386540817
265,-0.5340909090909098,4.883720930232731,0.0,0.0,0.0,False,0.0,0,0,0,1.0,-0.4180051182834741,0.0,0.0,0.0,False,False,2.534126386540817
266,-0.482758620689656,4.883720930232731,0.0,0.0,0.0,False,0.0,0,0,0,1.0,-0.4180051182834741,0.0,0.0,0.0,False,False,2.534126386540817
267,-0.482758620689656,4.883720930232731,0.0,0.0,0.0,False,0.0,0,0,0,1.0,-0.4180051182834741,0.0,0.0,0.0,False,False,2.534126386540817
268,-0.482758620689656,4.883720930232731,0.0,0.0,0.0,False,0.0,1,0,0,1.2609349934800678,-0.4180051182834741,0.0,0.0,0.0016666666650001,False,False,2.534126386540817
269,-0.3333333333333336,4.883720930232731,0.0,0.0,0.0,False,0.0,1,0,0,1.2609349934800678,-0.4180051182834741,0.0,0.0,0.0,False,False,2.534126386540817
270,-0.2528735632183905,4.883720930232731,0.0,0.0,0.0,False,0.0,1,1,1,1.4,-0.4180051182834741,0.0,0.0,0.0,False,False,2.534126386540817
271,-0.3333333333333333,4.883720930232731,0.0,0.0,0.0,False,0.0,1,1,1,1.4,-0.4180051182834741,0.0,0.0,0.0,False,False,2.534126386540817
272,-0.2209302325581388,4.883720930232731,0.0,0.0,0.0,False,0.0,1,1,1,1.4,-0.3908858711952333,0.0,0.0,0.0,False,False,2.534126386540817
273,-0.3837209302325581,4.883720930232731,0.0,0.0,0.0,False,0.0,1,0,0,1.2609349934800678,-0.3908858711952333,0.0,0.0,0.0,False,False,2.534126386540817
274,-0.3837209302325581,4.883720930232731,0.0,0.0,0.0,False,0.0,0,0,0,1.0,-0.3908858711952333,0.0,0.0,0.0,False,False,2.534126386540817
275,-0.3837209302325581,4.883720930232731,0.0,0.0,0.0,False,0.0,0,0,0,1.0,-0.3908858711952333,0.0,0.0,0.0,False,False,2.534126386540817
276,-0.3953488372093024,4.883720930232731,0.0,0.0,0.0,False,0.0,0,0,0,1.0,-0.3908858711952333,0.0,0.0,0.0,False,False,2.534126386540817
277,-0.593023255813953,4.883720930232731,0.0,0.0,0.0,False,0.0,0,0,0,1.0,-0.3908858711952333,0.0,0.0,0.0,False,False,2.534126386540817
278,-0.6470588235294118,4.883720930232731,0.0,0.0,0.0,False,0.0,0,0,0,1.0,-3.830162269522169,0.0,0.0,0.0,False,False,2.9816912557203867
279,-0.6705882352941183,4.883720930232731,0.0,0.0,0.0,False,0.0,1,0,0,1.2609349934800678,-3.830162269522169,0.0,0.0,0.0,False,False,2.9816912557203867
280,-0.7411764705882354,4.883720930232731,0.0,0.0,0.0,False,0.0,1,0,0,1.2609349934800678,-3.6550818699635874,0.0,0.0,0.0,True,False,2.976578090681824
281,-0.7411764705882354,4.883720930232731,0.0,0.0,0.0,False,0.0,1,0,0,1.2609349934800678,-3.6550818699635874,0.0,0.0,0.0,True,False,2.976578090681824
282,-0.7411764705882354,4.883720930232731,0.0,0.0,0.0,False,0.0,0,0,0,1.0,-3.6550818699635874,0.0,0.0,0.0433333333339999,True,False,2.976578090681824
283,-0.4941176470588236,4.883720930232731,1.0,0.0,0.0,False,0.0,0,0,0,1.0,-3.6550818699635874,0.0,0.0,0.0433333333339999,True,False,2.976578090681824
284,-0.7976190476190477,4.883720930232731,1.0,0.0,0.0,False,0.0,0,0,0,1.0,-3.6550818699635874,0.0,0.0,0.0283333333343331,True,False,2.976578090681824
285,-0.3373493975903617,4.441860465116418,1.0,0.0,0.0,False,0.0,1,0,0,1.2609349934800678,-2.01155154754258,0.0,0.0,0.0,True,False,2.83421669204705
286,-0.1904761904761907,4.441860465116418,0.0,0.0,0.0,False,0.0,1,0,0,1.2609349934800678,-2.01155154754258,0.0,0.0,0.0,True,False,2.83421669204705
287,-0.1686746987951803,4.441860465116418,0.0,0.0,0.0,False,0.0,1,0,0,1.2609349934800678,-1.967880019512842,0.0,0.0,0.0,True,False,2.83421669204705
288,-0.1686746987951803,4.441860465116418,0.0,0.0,0.0,False,0.0,1,0,0,1.2609349934800678,-1.967880019512842,0.0,0.0,0.0,True,False,2.83421669204705
289,-0.1686746987951803,4.441860465116418,0.0,0.0,0.0,False,0.0,1,0,0,1.2609349934800678,-1.967880019512842,0.0,0.0,0.0,True,False,2.83421669204705
290,-0.0238095238095233,4.441860465116418,0.0,0.0,0.0,False,0.0,1,0,0,1.2609349934800678,-1.967880019512842,0.0,0.0,0.0,True,False,2.83421669204705
291,-0.071428571428572,4.441860465116418,0.0,0.0,0.0,False,0.0,1,0,0,1.2609349934800678,-1.967880019512842,0.0,0.0,0.0,True,False,2.83421669204705
292,-0.0595238095238093,4.441860465116418,0.0,0.0,0.0,False,0.0,1,0,0,1.2609349934800678,2.783948164367862,0.0,0.0,0.0,True,False,1.7360244924632309
293,-0.107142857142857,4.441860465116418,0.0,0.0,0.0,False,0.0,1,0,0,1.2609349934800678,2.783948164367862,0.0,0.0,0.0,True,False,1.7360244924632309
294,0.1084337349397588,4.441860465116418,0.0,0.0,0.0,False,0.0,0,0,0,1.0,2.5884059012067904,0.0,0.0,0.0,True,False,1.7360244924632309
295,0.1084337349397588,4.441860465116418,0.0,0.0,0.0,False,0.0,0,0,0,1.0,2.5884059012067904,0.0,0.0,0.0,True,False,1.7360244924632309
296,0.1084337349397588,4.441860465116418,0.0,0.0,0.0,False,0.0,1,0,0,1.2609349934800678,2.5884059012067904,0.0,0.0,0.0100000000006666,True,False,1.7360244924632309
297,0.5662650602409635,4.441860465116418,0.0,0.0,0.0,False,0.0,1,0,0,1.2609349934800678,2.5884059012067904,0.0,0.0,0.0100000000006666,True,False,1.7360244924632309
298,0.4698795180722887,4.441860465116418,0.0,0.0,0.0,False,0.0,1,0,0,1.2609349934800678,2.5884059012067904,0.0,0.0,0.0,True,False,1.7360244924632309
299,0.4512195121951219,4.441860465116418,0.0,0.0,0.0,False,0.0,1,0,0,1.2609349934800678,-3.691317998575797,0.0,0.0,0.0,True,False,1.350837543845855
300,0.5121951219512193,4.441860465116418,0.0,0.0,0.0,False,0.0,1,0,0,1.2609349934800678,-3.73509379524378,0.0,0.0,0.0,True,False,1.350837543845855
301,0.5365853658536578,4.441860465116418,0.0,0.0,0.0,False,0.0,1,1,0,1.4,-3.7144307272322257,0.0,0.0,0.0,True,False,1.350837543845855
302,0.5365853658536578,4.441860465116418,0.0,0.0,0.0,False,0.0,0,1,0,1.4,-3.7144307272322257,0.0,0.0,0.0,True,False,1.350837543845855
303,0.5365853658536578,4.441860465116418,0.0,0.0,0.0,False,0.0,1,1,0,1.4,-3.7144307272322257,0.0,0.0,0.0,True,False,1.350837543845855
304,0.2469135802469139,4.441860465116418,0.0,0.0,0.0,False,0.0,1,0,0,1.2609349934800678,-3.7144307272322257,0.0,0.0,0.0,True,False,1.350837543845855
305,-0.0617283950617282,4.441860465116418,0.0,0.0,0.0,False,0.0,1,0,0,1.2609349934800678,-3.7144307272322257,0.0,0.0,0.0,True,False,1.350837543845855
306,0.222222222222222,4.441860465116418,0.0,0.0,0.0,False,0.0,0,0,0,1.0,-3.7144307272322257,0.0,0.0,0.0,False,False,1.350837543845855
307,0.222222222222222,4.441860465116418,0.0,0.0,0.0,False,0.0,0,0,0,1.0,-3.727523379087688,0.0,0.0,0.0,False,False,1.350837543845855
308,0.222222222222222,4.441860465116418,0.0,0.0,0.0,False,0.0,0,0,0,1.0,-3.6594879242073497,0.0,0.0,0.0,False,False,1.350837543845855
309,0.222222222222222,4.441860465116418,0.0,0.0,0.0,False,0.0,0,0,0,1.0,-3.6594879242073497,0.0,0.0,0.0,False,False,1.350837543845855
310,0.222222222222222,4.441860465116418,0.0,0.0,0.0,False,0.0,0,0,0,1.0,-3.6594879242073497,0.0,0.0,0.1616666666643335,False,False,1.350837543845855
311,0.6049382716049388,4.441860465116418,1.0,0.602,0.2501262499999998,True,0.0,0,0,0,1.0,-3.6594879242073497,0.0,0.0,0.1599999999993333,False,False,1.350837543845855
312,0.7374999999999999,4.441860465116418,1.0,0.0,0.0,False,0.0,0,0,0,1.0,-3.6594879242073497,0.0,0.0,0.146666666666,False,False,1.350837543845855
313,0.475,5.224806201550542,1.0,0.0,0.0,False,0.0,0,0,0,1.0,3.1928705697306867,0.0,0.0,0.0799999999993333,False,False,3.228518800783253
314,0.5125000000000003,5.224806201550542,0.0,0.0,0.0,False,0.0,0,0,0,1.0,3.1928705697306867,0.0,0.0,0.0,False,False,3.228518800783253
315,0.4374999999999996,5.224806201550542,0.0,0.0,0.0,False,0.0,0,0,0,1.0,3.187808754877745,0.0,0.0,0.0,False,False,3.187096236432434
316,0.4374999999999996,5.224806201550542,0.0,0.0,0.0,False,0.0,0,0,0,1.0,3.187808754877745,0.0,0.0,0.0,False,False,3.187096236432434
317,0.4374999999999996,5.224806201550542,0.0,0.0,0.0,False,0.0,1,0,0,1.2609349934800678,3.187808754877745,0.0,0.0,0.0,False,False,3.187096236432434
318,0.518987341772152,5.224806201550542,0.0,0.0,0.0,False,0.0,1,0,0,1.2609349934800678,3.187808754877745,0.0,0.0,0.0,False,False,3.187096236432434
319,0.5822784810126581,5.224806201550542,0.0,0.0,0.0,False,0.0,1,0,0,1.2609349934800678,3.187808754877745,0.0,0.0,0.0,False,False,3.187096236432434
320,0.6708860759493673,5.224806201550542,0.0,0.0,0.0,False,0.0,1,0,0,1.2609349934800678,2.464414148342704,0.0,0.0,0.0,False,False,1.473480636592673
321,0.730769230769231,5.224806201550542,0.0,0.0,0.0,False,0.0,1,0,0,1.2609349934800678,2.464414148342704,0.0,0.0,0.0,False,False,1.473480636592673
322,0.6233766233766224,5.224806201550542,0.0,0.0,0.0,False,0.0,1,0,0,1.2609349934800678,2.361080162309892,0.0,0.0,0.0,False,False,1.473480636592673
323,0.6233766233766224,5.224806201550542,0.0,0.0,0.0,False,0.0,0,0,0,1.0,2.367929348007081,0.0,0.0,0.0,False,False,1.473480636592673
324,0.6233766233766224,5.224806201550542,0.0,0.0,0.0,False,0.0,1,0,0,1.2609349934800678,2.367929348007081,0.0,0.0,0.0199999999990001,False,False,1.473480636592673
325,0.5064935064935063,5.224806201550542,0.0,0.0,0.0,False,0.0,1,0,0,1.2609349934800678,2.367929348007081,0.0,0.0,0.016666666666,False,False,1.473480636592673
326,0.5064935064935063,5.224806201550542,0.0,0.0,0.0,False,0.0,1,0,0,1.2609349934800678,2.367929348007081,0.0,0.0,0.0016666666643335,False,False,1.473480636592673
327,0.4736842105263151,5.224806201550542,0.0,0.0,0.0,False,0.0,1,0,0,1.2609349934800678,2.367929348007081,0.0,0.0,0.0,False,False,1.473480636592673
328,0.7631578947368424,5.224806201550542,0.0,0.0,0.0,False,0.0,1,0,0,1.2609349934800678,2.367929348007081,0.0,0.0,0.0,False,False,1.473480636592673
329,0.5526315789473685,5.224806201550542,0.0,0.0,0.0,False,0.0,1,0,0,1.2609349934800678,2.3500498703646806,0.0,0.0,0.0,False,False,1.473480636592673
330,0.5526315789473685,5.224806201550542,0.0,0.0,0.0,False,0.0,0,0,0,1.0,2.3500498703646806,0.0,0.0,0.0,False,False,1.473480636592673
331,0.5526315789473685,5.224806201550542,0.0,0.0,0.0,False,0.0,1,1,0,1.4,2.3500498703646806,0.0,0.0,0.0233333333326666,False,False,1.473480636592673
332,0.5921052631578951,5.224806201550542,0.0,0.0,0.0,False,0.0,1,1,0,1.4,2.3500498703646806,0.0,0.0,0.0199999999996668,False,False,1.473480636592673
333,0.4736842105263151,5.224806201550542,0.0,0.0,0.0,False,0.0,1,1,0,1.4,2.3500498703646806,0.0,0.0,0.0033333333333333,False,False,1.473480636592673
334,0.0266666666666661,5.224806201550542,0.0,0.0,0.0,False,0.0,1,0,0,1.2609349934800678,0.6234000404130183,0.0,0.0,0.0,False,False,1.2055721289167731
335,0.0266666666666661,5.224806201550542,0.0,0.0,0.0,False,0.0,1,0,0,1.2609349934800678,0.6234000404130183,0.0,0.0,0.0,False,False,1.2055721289167731
336,0.3333333333333333,5.18461538461521,0.0,0.0,0.0,False,0.0,0,0,0,1.0,0.6234000404130183,0.0,0.0,0.0,False,False,1.2055721289167731
337,0.3333333333333333,5.18461538461521,0.0,0.0,0.0,False,0.0,0,0,0,1.0,0.6226975034295826,0.0,0.0,0.0,False,False,1.2055721289167731
338,0.3333333333333333,5.18461538461521,0.0,0.0,0.0,False,0.0,0,0,0,1.0,0.6226975034295826,0.0,0.0,0.0,False,False,1.2055721289167731
339,0.3999999999999997,5.18461538461521,1.0,6.504000000000012,1.0265563178119008,True,0.0,0,0,0,1.0,0.6226975034295826,0.0,0.0,0.0,True,False,1.2055721289167731
340,0.4400000000000001,5.18461538461521,1.0,0.0,0.0,False,0.0,0,0,0,1.0,0.6226975034295826,0.0,0.0,0.0,True,False,1.2055721289167731
341,0.7162162162162163,5.3538461538459945,1.0,0.0,0.0,False,0.0,0,0,0,1.0,2.9196220370799515,0.0,0.0,0.0,True,False,1.492080337841678
342,0.7837837837837837,5.3538461538459945,0.0,0.0,0.0,False,0.0,0,0,0,1.0,2.9196220370799515,0.0,0.0,0.0,True,False,1.492080337841678
343,0.7397260273972599,5.3538461538459945,0.0,0.0,0.0,False,0.0,0,0,0,1.0,2.9196220370799515,0.0,0.0,0.0,True,False,1.4714627720408753
344,0.7397260273972599,5.3538461538459945,0.0,0.0,0.0,False,0.0,0,0,0,1.0,2.9196220370799515,0.0,0.0,0.0,True,False,1.4714627720408753
345,0.7397260273972599,5.3538461538459945,0.0,0.0,0.0,False,0.0,0,0,0,1.0,2.9196220370799515,0.0,0.0,0.0,True,False,1.4714627720408753
346,0.6712328767123287,5.3538461538459945,0.0,0.0,0.0,False,0.0,1,0,0,1.2609349934800678,2.9196220370799515,0.0,0.0,0.0,True,False,1.4714627720408753
347,0.6438356164383562,5.3538461538459945,0.0,0.0,0.0,False,0.0,1,0,0,1.2609349934800678,2.9196220370799515,0.0,0.0,0.0,True,False,1.4714627720408753
348,0.6164383561643842,5.3538461538459945,0.0,0.0,0.0,False,0.0,1,0,0,1.2609349934800678,0.7300131154312719,1.0,1.0,0.0,True,False,0.5254459055513987
349,0.602739726027397,5.3538461538459945,0.0,0.0,0.0,False,0.0,1,0,0,1.2609349934800678,0.7300131154312719,0.0,0.0,0.0,True,False,0.5254459055513987
350,0.8082191780821921,5.3538461538459945,0.0,0.0,0.0,False,0.0,0,0,0,1.0,0.7142760250232741,0.0,0.0,0.0,True,False,0.532808249837855
351,0.8082191780821921,5.3538461538459945,0.0,0.0,0.0,False,0.0,0,0,0,1.0,0.7051206189054907,0.0,0.0,0.0,True,False,0.532808249837855
352,0.8082191780821921,5.3538461538459945,0.0,0.0,0.0,False,0.0,1,0,0,1.2609349934800678,0.7051206189054907,0.0,0.0,0.0,True,False,0.532808249837855
353,1.5890410958904122,5.3538461538459945,0.0,0.0,0.0,False,0.0,1,0,0,1.2609349934800678,0.7051206189054907,0.0,0.0,0.0,True,False,0.532808249837855
354,1.2054794520547951,5.3538461538459945,0.0,0.0,0.0,False,0.0,1,0,0,1.2609349934800678,0.7051206189054907,0.0,0.0,0.0,True,False,0.532808249837855
355,1.602739726027398,5.3538461538459945,0.0,0.0,0.0,False,0.0,0,0,0,1.0,1.3312294598159389,0.0,0.0,0.0,True,False,1.1791874894180587
356,1.178082191780822,5.3538461538459945,0.0,0.0,0.0,False,0.0,0,0,0,1.0,1.3312294598159389,0.0,0.0,0.0,True,False,1.1791874894180587
357,1.5068493150684936,5.3538461538459945,0.0,0.0,0.0,False,0.0,0,0,0,1.0,1.3312294598159389,0.0,0.0,0.0,True,False,1.1628934769322914
358,1.5068493150684936,5.3538461538459945,0.0,0.0,0.0,False,0.0,0,0,0,1.0,1.3094599340820658,0.0,0.0,0.0,True,False,1.1628934769322914
359,1.5068493150684936,5.3538461538459945,0.0,0.0,0.0,False,0.0,1,0,0,1.2609349934800678,1.3094599340820658,0.0,0.0,0.359999999996,True,True,1.1628934769322914
360,1.6986301369863028,5.3538461538459945,0.0,0.0,0.0,False,0.0,1,0,0,1.2609349934800678,1.3094599340820658,0.0,0.0,0.3566666666646667,True,True,1.1628934769322914
361,1.8904109589041092,5.3538461538459945,0.0,0.0,0.0,False,0.0,1,0,0,1.2609349934800678,1.3094599340820658,0.0,0.0,0.14,True,False,1.1628934769322914
362,1.6712328767123308,5.3538461538459945,0.0,0.0,0.0,False,0.0,1,1,1,1.4,1.3094599340820658,0.0,0.0,0.0,True,False,1.1628934769322914
363,1.6712328767123308,5.3538461538459945,0.0,0.0,0.0,False,0.0,0,1,1,1.4,1.3094599340820658,0.0,0.0,0.0,True,False,1.1628934769322914
364,1.6712328767123308,5.3538461538459945,0.0,0.0,0.0,False,0.0,0,1,1,1.4,1.3026660617685444,0.0,0.0,0.0,True,False,1.1628934769322914
365,1.6712328767123308,5.3538461538459945,0.0,0.0,0.0,False,0.0,0,0,0,1.0,1.3026660617685444,0.0,0.0,0.0,True,False,1.1628934769322914
366,1.6712328767123308,5.3538461538459945,0.0,0.0,0.0,False,0.0,0,0,0,1.0,1.3026660617685444,0.0,0.0,0.2666666666653333,True,False,1.1628934769322914
367,1.6712328767123308,5.3538461538459945,0.0,0.0,0.0,False,0.0,0,0,0,1.0,1.3026660617685444,0.0,0.0,0.2666666666653333,True,False,1.1628934769322914
368,1.6712328767123308,5.3538461538459945,0.0,0.0,0.0,False,0.0,0,0,0,1.0,1.3026660617685444,0.0,0.0,0.2666666666653333,True,False,1.1628934769322914
369,1.6712328767123308,5.3538461538459945,0.0,0.0,0.0,False,0.0,0,0,0,1.0,1.3026660617685444,0.0,0.0,0.4666666666646666,False,True,1.1628934769322914
370,1.6712328767123308,5.3538461538459945,0.0,0.0,0.0,False,0.0,0,0,0,1.0,1.3026660617685444,0.0,0.0,0.479999999998,False,True,1.1628934769322914
371,1.6712328767123308,5.3538461538459945,0.0,0.0,0.0,False,0.0,0,0,0,1.0,1.2980769010778834,0.0,0.0,0.5133333333306667,False,True,1.1628934769322914
372,1.6712328767123308,5.3538461538459945,0.0,0.0,0.0,False,0.0,0,0,0,1.0,1.2980769010778834,0.0,0.0,0.6133333333306666,False,True,1.1628934769322914
373,1.6712328767123308,5.3538461538459945,0.0,0.0,0.0,False,0.0,1,0,0,1.2609349934800678,1.2980769010778834,0.0,0.0,0.686666666664,False,True,1.1628934769322914
374,1.5479452054794516,5.3538461538459945,1.0,5.985000000000005,-1.0361858156931187,False,-69.99,1,0,0,1.2609349934800678,1.2980769010778834,0.0,0.0,0.686666666664,False,True,1.1628934769322914
375,1.575342465753426,5.3538461538459945,1.0,0.0,0.0,False,0.0,1,0,0,1.2609349934800678,1.2980769010778834,0.0,0.0,0.5533333333313334,False,True,1.1628934769322914
376,1.5890410958904122,0.2153846153846218,1.0,0.0,0.0,False,0.0,0,0,0,1.0,-0.7014933050157751,1.0,1.0,0.499999999998,False,True,-0.6902870752838923
377,1.6164383561643842,0.2153846153846218,0.0,0.0,0.0,False,0.0,0,0,0,1.0,-0.692189236465918,0.0,0.0,0.5133333333313334,False,True,-0.6902870752838923
378,1.7671232876712328,0.2153846153846218,0.0,0.0,0.0,False,0.0,0,0,0,1.0,-0.6911496996647283,0.0,0.0,0.4933333333313333,False,True,-0.6902916940829384
379,1.7671232876712328,0.2153846153846218,0.0,0.0,0.0,False,0.0,0,0,0,1.0,-0.6911496996647283,0.0,0.0,0.6599999999980001,False,True,-0.6902916940829384
380,1.7671232876712328,0.2153846153846218,0.0,0.0,0.0,False,0.0,1,0,0,1.2609349934800678,-0.6911496996647283,0.0,0.0,0.8333333333313333,False,True,-0.6902916940829384
381,1.8904109589041092,0.2153846153846218,0.0,0.0,0.0,False,0.0,1,0,0,1.2609349934800678,-0.6911496996647283,0.0,0.0,0.8333333333313333,False,True,-0.6902916940829384
382,1.8767123287671237,0.2153846153846218,0.0,0.0,0.0,False,0.0,1,0,0,1.2609349934800678,-0.6911496996647283,0.0,0.0,0.819999999998,False,True,-0.6902916940829384
383,1.8356164383561653,0.2153846153846218,0.0,0.0,0.0,False,0.0,1,0,0,1.2609349934800678,-0.6911496996647283,0.0,0.0,0.8133333333313334,False,True,-0.6902916940829384
384,1.8493150684931516,0.2153846153846218,0.0,0.0,0.0,False,0.0,1,0,0,1.2609349934800678,-0.6615548168604198,0.0,0.0,0.759999999998,False,True,-0.6902916940829384
385,1.8904109589041092,0.2153846153846218,0.0,0.0,0.0,False,0.0,1,0,0,1.2609349934800678,-0.6615548168604198,0.0,0.0,0.8533333333313333,False,True,-0.6787436463472578
386,1.8904109589041092,0.2153846153846218,0.0,0.0,0.0,False,0.0,1,0,0,1.2609349934800678,-0.6615548168604198,0.0,0.0,0.9866666666646668,False,True,-0.6787436463472578
387,1.8904109589041092,0.2153846153846218,0.0,0.0,0.0,False,0.0,0,0,0,1.0,-0.6615548168604198,0.0,0.0,1.0533333333313333,False,True,-0.6787436463472578
388,1.945205479452056,0.2153846153846218,0.0,0.0,0.0,False,0.0,1,0,0,1.2609349934800678,-0.6615548168604198,0.0,0.0,1.0533333333313333,False,True,-0.6787436463472578
389,2.0684931506849327,0.2153846153846218,0.0,0.0,0.0,False,0.0,1,0,0,1.2609349934800678,-0.6615548168604198,0.0,0.0,1.039999999998,False,True,-0.6787436463472578
390,2.1095890410958904,0.2153846153846218,0.0,0.0,0.0,False,0.0,1,0,0,1.2609349934800678,-0.6615548168604198,0.0,0.0,1.0066666666646666,False,True,-0.6787436463472578
391,2.136986301369865,0.2153846153846218,0.0,0.0,0.0,False,0.0,1,0,0,1.2609349934800678,-0.6615548168604198,0.0,0.0,0.9866666666646668,False,True,-0.6787436463472578
392,2.0684931506849327,0.2153846153846218,0.0,0.0,0.0,False,0.0,1,0,0,1.2609349934800678,-0.6615548168604198,0.0,0.0,0.8999999999986666,False,True,-0.6745
393,2.0684931506849327,0.2153846153846218,0.0,0.0,0.0,False,0.0,1,1,0,1.4,-0.6615548168604198,0.0,0.0,1.0999999999986667,False,True,-0.6745
394,2.0684931506849327,0.2153846153846218,0.0,0.0,0.0,False,0.0,1,1,0,1.4,-0.6615548168604198,0.0,0.0,1.0999999999986667,False,True,-0.6745
395,1.8767123287671237,0.2153846153846218,0.0,0.0,0.0,False,0.0,1,1,0,1.4,-0.6615548168604198,0.0,0.0,1.0999999999986667,False,True,-0.6745
396,1.6712328767123308,0.2153846153846218,0.0,0.0,0.0,False,0.0,1,0,0,1.2609349934800678,-0.6615548168604198,0.0,0.0,1.0866666666653333,False,True,-0.6745
397,1.7260273972602749,0.2153846153846218,0.0,0.0,0.0,False,0.0,0,0,0,1.0,4.373475021143148,1.0,1.0,1.035333333332,False,True,-0.224019860647266
398,1.6575342465753422,0.2153846153846218,0.0,0.0,0.0,False,0.0,0,0,0,1.0,4.373475021143148,0.0,0.0,0.8019999999986667,False,True,-0.224019860647266
399,1.5068493150684936,0.2153846153846218,0.0,0.0,0.0,False,0.0,0,0,0,1.0,4.373475021143148,0.0,0.0,0.735333333332,False,True,-0.2249219812782982
400,1.5068493150684936,0.2153846153846218,0.0,0.0,0.0,False,0.0,0,0,0,1.0,4.373475021143148,0.0,0.0,0.735333333332,False,True,-0.1919739845602006
401,1.5068493150684936,0.2153846153846218,0.0,0.0,0.0,False,0.0,0,0,0,1.0,4.373475021143148,0.0,0.0,0.735333333332,False,True,-0.1919739845602006
402,1.2465753424657544,0.2153846153846218,1.0,0.0,0.0,False,0.0,0,0,0,1.0,4.373475021143148,0.0,0.0,0.735333333332,False,True,-0.1919739845602006
403,1.8356164383561653,0.2153846153846218,1.0,0.0,0.0,False,0.0,0,0,0,1.0,4.373475021143148,0.0,0.0,0.7219999999993333,False,True,-0.1919739845602006
404,2.191780821917809,-5.63076923076902,1.0,0.0,0.0,False,0.0,0,0,0,1.0,2.80753549700007,1.0,1.0,0.698666666666,False,True,-0.6352004197098469
405,2.465753424657537,-5.63076923076902,0.0,0.0,0.0,False,0.0,0,0,0,1.0,2.80753549700007,0.0,0.0,0.6919999999986667,False,True,-0.6352004197098469
406,2.8219178082191805,-5.63076923076902,0.0,0.0,0.0,False,0.0,0,0,0,1.0,2.80753549700007,0.0,0.0,0.545333333332,False,True,-0.6352004197098469
407,2.8219178082191805,-5.63076923076902,0.0,0.0,0.0,False,0.0,0,0,0,1.0,2.80753549700007,0.0,0.0,0.545333333332,False,True,-0.633474240694966
408,2.8219178082191805,-5.63076923076902,0.0,0.0,0.0,False,0.0,1,0,0,1.2609349934800678,2.80753549700007,0.0,0.0,0.5986666666653333,False,True,-0.633474240694966
409,3.356164383561645,-5.63076923076902,0.0,5.966000000000005,-0.99940006059388,False,0.0,1,0,0,1.2609349934800678,2.80753549700007,0.0,0.0,0.5986666666653333,False,True,-0.633474240694966
410,3.410958904109592,-5.63076923076902,0.0,0.0,0.0,False,0.0,1,0,0,1.2609349934800678,2.80753549700007,0.0,0.0,0.595333333332,False,True,-0.633474240694966
411,3.5479452054794542,-5.63076923076902,0.0,0.0,0.0,False,0.0,1,0,0,1.2609349934800678,2.80753549700007,0.0,0.0,0.595333333332,False,True,-0.633474240694966
412,3.5479452054794542,-5.63076923076902,0.0,0.0,0.0,False,0.0,1,0,0,1.2609349934800678,2.80753549700007,0.0,0.0,0.475333333332,False,True,-0.633474240694966
413,3.6027397260273983,-5.63076923076902,0.0,0.0,0.0,False,0.0,1,0,0,1.2609349934800678,2.7907210104033418,0.0,0.0,0.415333333332,False,True,-0.633474240694966
414,3.6027397260273983,-5.63076923076902,0.0,0.0,0.0,False,0.0,1,0,0,1.2609349934800678,2.7907210104033418,0.0,0.0,0.4819999999986666,False,True,-0.633474240694966
415,3.6027397260273983,-5.63076923076902,0.0,0.0,0.0,False,0.0,1,0,0,1.2609349934800678,2.7907210104033418,0.0,0.0,0.4886666666653333,False,True,-0.633474240694966
416,3.5479452054794542,-5.63076923076902,0.0,0.0,0.0,False,0.0,1,0,0,1.2609349934800678,2.7907210104033418,0.0,0.0,0.4886666666653333,False,True,-0.633474240694966
417,3.7397260273972632,-5.63076923076902,0.0,0.0,0.0,False,0.0,1,0,0,1.2609349934800678,2.7907210104033418,0.0,0.0,0.485333333332,False,True,-0.633474240694966
418,3.7397260273972632,-5.63076923076902,0.0,0.0,0.0,False,0.0,0,0,0,1.0,2.7907210104033418,0.0,0.0,0.485333333332,False,True,-0.633474240694966
419,3.753424657534249,-5.63076923076902,0.0,2.3710000000000075,-1.0,False,774.0855,1,0,0,1.2609349934800678,2.7907210104033418,0.0,0.0,0.365333333332,False,True,-0.633474240694966
420,4.232876712328769,-5.63076923076902,0.0,-1.1519999999999802,-1.0,False,1829.1616,1,0,0,1.2609349934800678,2.7745157153928024,0.0,0.0,0.1986666666653333,False,False,-0.633474240694966
421,4.232876712328769,-5.63076923076902,0.0,0.0,0.0,False,0.0,1,1,0,1.4,2.7745157153928024,0.0,0.0,0.4319999999986667,False,True,-0.633474240694966
422,4.232876712328769,-5.63076923076902,0.0,0.0,0.0,False,0.0,1,1,0,1.4,2.7745157153928024,0.0,0.0,0.7186666666646667,False,True,-0.633474240694966
423,17.93150684931508,-5.63076923076902,0.0,-1.945000000000024,-1.0,False,2937.5449,1,1,0,1.4,2.7745157153928024,0.0,0.0,0.7150666666646667,False,True,-0.633474240694966
424,18.630136986301384,-5.63076923076902,0.0,-2.011999999999984,-0.0119999999999986,False,4041.630200000001,1,0,0,1.2609349934800678,2.7745157153928024,0.0,0.0,0.581733333332,False,True,-0.633474240694966
425,19.3150684931507,-5.63076923076902,0.0,0.0,0.0,False,0.0,1,0,0,1.2609349934800678,2.7745157153928024,0.0,0.0,0.3817333333326666,False,True,-0.633474240694966
426,18.328767123287683,-5.63076923076902,0.0,-1.801000000000005,-0.0059999999999993,False,20.695010000000003,0,0,0,1.0,2.7745157153928024,0.0,0.0,0.1047493333326668,False,False,-0.633474240694966
427,18.73972602739727,-5.63076923076902,0.0,-1.5476190476190823,0.0,False,14.4675325,0,0,0,1.0,2.7745157153928024,0.0,0.0,0.0,False,False,-0.633474240694966
428,18.53424657534248,-5.63076923076902,0.0,0.0,0.0,False,0.0,0,0,0,1.0,2.7745157153928024,0.0,0.0,0.0,False,False,-0.633474240694966
429,18.53424657534248,-5.63076923076902,0.0,0.0,0.0,False,0.0,0,0,0,1.0,2.7745157153928024,0.0,0.0,0.0094160000013334,False,False,-0.633474240694966
430,18.53424657534248,-5.63076923076902,0.0,0.0,0.0,False,0.0,0,0,0,1.0,2.7745157153928024,0.0,0.0,0.0094160000013334,False,False,-0.633474240694966
431,18.53424657534248,-5.63076923076902,0.0,0.0,0.0,False,0.0,0,0,0,1.0,2.7745157153928024,0.0,0.0,0.0094160000013334,False,False,-0.633474240694966
432,18.465753424657542,8.153846153845903,1.0,-1.3932422717469508,2.4285159999999983,False,64.45160573397044,1,0,0,1.2609349934800678,2.7745157153928024,0.0,0.0,0.0,False,False,-0.633474240694966
433,19.589041095890423,8.153846153845903,0.0,-1.163313609467454,0.0,False,40.16071214242849,1,0,0,1.2609349934800678,2.7745157153928024,0.0,0.0,0.0,False,False,-0.633474240694966
434,18.643835616438366,8.153846153845903,0.0,-1.1306850892343143,0.0,False,37.81393078615723,1,0,0,1.2609349934800678,2.7745157153928024,0.0,0.0,0.0,False,False,-0.633474240694966
435,18.643835616438366,8.153846153845903,0.0,0.0,0.0,False,0.0,0,0,0,1.0,2.7745157153928024,0.0,0.0,0.0,False,False,-0.633474240694966
436,18.643835616438366,8.153846153845903,0.0,0.0,0.0,False,0.0,0,0,0,1.0,2.7745157153928024,0.0,0.0,0.0,False,False,-0.633474240694966
437,18.49315068493152,8.153846153845903,0.0,-1.102017937219732,0.0,False,40.093440688137626,1,0,0,1.2609349934800678,2.7745157153928024,0.0,0.0,0.0,False,False,-0.633474240694966
438,18.397260273972613,8.153846153845903,0.0,-0.7028788701792491,12.275952666666674,False,48.34139023170529,1,0,0,1.2609349934800678,2.7745157153928024,0.0,0.0,0.0,False,False,-0.633474240694966
439,17.958904109589053,7.517730496454224,0.0,-1.026905829596389,0.0,False,27.791833119017003,1,0,0,1.2609349934800678,2.7745157153928024,0.0,0.0,0.0,False,False,-0.633474240694966
440,17.93150684931508,7.517730496454224,0.0,-1.035398230088512,0.0,False,6.118825534267799,1,0,0,1.2609349934800678,2.7745157153928024,0.0,0.0,0.0,False,False,-0.633474240694966
441,17.69863013698631,7.517730496454224,0.0,-1.0545851528384576,0.0,False,3.128039135122923,1,0,0,1.2609349934800678,2.7745157153928024,0.0,0.0,0.0,False,False,-0.633474240694966
442,17.69863013698631,7.517730496454224,0.0,0.0,0.0,False,0.0,1,0,0,1.2609349934800678,2.7745157153928024,0.0,0.0,0.0,False,False,-0.6334508141712812
443,17.69863013698631,7.517730496454224,0.0,0.0,0.0,False,0.0,1,0,0,1.2609349934800678,2.7745157153928024,0.0,0.0,0.0,False,False,-0.6334508141712812
444,17.479452054794535,7.517730496454224,0.0,1.659827213822897,0.0,False,-1.0828338297501874,1,0,0,1.2609349934800678,2.7745157153928024,0.0,0.0,0.0,False,False,-0.6334508141712812
445,17.246575342465764,7.517730496454224,0.0,-0.7724358974358974,0.0,False,6.468675130451127,1,0,0,1.2609349934800678,2.7745157153928024,0.0,0.0,0.0,False,False,-0.6334508141712812
446,17.246575342465764,7.517730496454224,0.0,-0.7667386609071312,0.0,False,0.3657785712095615,0,0,0,1.0,2.7745157153928024,0.0,0.0,0.0,False,False,-0.6334508141712812
447,17.273972602739736,7.517730496454224,0.0,-0.991266375545872,0.0,False,-0.421202901964764,1,0,0,1.2609349934800678,2.7745157153928024,0.0,0.0,0.0,False,False,-0.6334508141712812
448,17.287671232876725,7.517730496454224,0.0,-1.120500782472612,0.0,False,0.0488778084808534,1,0,0,1.2609349934800678,2.7745157153928024,0.0,0.0,0.0,False,False,-0.6334508141712812
449,17.287671232876725,7.517730496454224,0.0,0.0,0.0,False,0.0,1,0,0,1.2609349934800678,2.7745157153928024,0.0,0.0,0.0,False,False,-0.6334508141712812
450,17.287671232876725,7.517730496454224,0.0,0.0,0.0,False,0.0,1,0,0,1.2609349934800678,0.0,0.0,0.0,0.0,False,False,0.0
451,17.232876712328775,7.517730496454224,0.0,-0.8060000000000419,0.0,False,0.35753123766677,1,0,0,1.2609349934800678,0.0,0.0,0.0,0.0,False,False,0.0
452,16.97260273972604,7.517730496454224,0.0,-0.4990000000000111,0.0,False,1.453888066452473,1,1,1,1.4,0.0,0.0,0.0,0.0,False,False,0.0
453,17.109589041095898,7.517730496454224,0.0,-0.285999999999974,2.4889360000000016,False,0.5193114997495559,1,1,1,1.4,0.0,0.0,0.0,0.0,False,False,0.0
454,16.904109589041106,7.517730496454224,0.0,-0.517000000000003,0.0,False,-0.0153393212092725,1,1,1,1.4,0.0,0.0,0.0,0.0,False,False,0.0
455,16.904109589041106,7.517730496454224,0.0,-0.548000000000002,0.0,False,-0.6639936875077213,1,0,0,1.2609349934800678,0.0,0.0,0.0,0.0,False,False,0.0
456,16.904109589041106,7.517730496454224,0.0,0.0,0.0,False,0.0,0,0,0,1.0,0.0,0.0,0.0,0.0,False,False,0.0
457,16.904109589041106,7.517730496454224,0.0,0.0,0.0,False,0.0,0,0,0,1.0,0.0,0.0,0.0,0.0,False,False,0.0
458,16.671232876712338,7.517730496454224,0.0,-0.557000000000016,0.0,False,-0.6535797486759851,0,0,0,1.0,0.0,0.0,0.0,0.0,False,False,0.0
459,16.63013698630138,7.517730496454224,0.0,-0.213999999999998,1.380157333333334,False,1.419210048430857,0,0,0,1.0,0.0,0.0,0.0,0.0,False,False,0.0
460,16.890410958904116,7.517730496454224,0.0,0.0,0.0,False,0.0,0,0,0,1.0,0.0,0.0,0.0,0.0,False,False,0.0
461,16.904109589041106,7.517730496454224,0.0,0.0,0.0,False,0.0,0,0,0,1.0,0.0,0.0,0.0,0.0,False,False,0.0
462,16.890410958904116,7.517730496454224,0.0,0.0,0.0,False,0.0,0,0,0,1.0,0.0,0.0,0.0,0.0,False,False,0.0
463,16.890410958904116,7.517730496454224,0.0,0.0,0.0,False,0.0,0,0,0,1.0,0.0,0.0,0.0,0.0,False,False,0.0
464,16.890410958904116,7.517730496454224,0.0,0.0,0.0,False,0.0,0,0,0,1.0,0.0,0.0,0.0,0.0,False,False,0.0
465,12.835616438356174,7.517730496454224,1.0,0.0,0.0,False,0.0,0,0,0,1.0,0.0,0.0,0.0,0.0,False,False,0.0
466,12.87671232876713,7.517730496454224,1.0,1.693000000000034,25.504628947368424,True,0.0945012258413729,0,0,0,1.0,0.0,0.0,0.0,0.0,False,False,0.0
467,12.794520547945211,3.198581560283821,1.0,0.0,0.0,False,0.0,1,0,0,1.2609349934800678,0.0,0.0,0.0,0.0,False,False,0.0
468,12.794520547945211,3.198581560283821,0.0,0.0,0.0,False,0.0,1,0,0,1.2609349934800678,0.0,0.0,0.0,0.0,False,False,0.0
469,12.794520547945211,3.198581560283821,0.0,0.0,0.0,False,0.0,1,0,0,1.2609349934800678,0.0,0.0,0.0,0.0,False,False,0.0
470,12.794520547945211,3.198581560283821,0.0,0.0,0.0,False,0.0,1,0,0,1.2609349934800678,0.0,0.0,0.0,0.0,False,False,0.0
471,12.794520547945211,3.198581560283821,0.0,0.0,0.0,False,0.0,1,0,0,1.2609349934800678,0.0,0.0,0.0,0.0,False,False,0.0
472,12.794520547945211,3.198581560283821,0.0,1.4460000000000417,0.0,False,-1.159374489401469,1,0,0,1.2609349934800678,0.0,0.0,0.0,0.0,False,False,0.0
473,12.794520547945211,3.198581560283821,0.0,0.0269999999999719,0.0,False,0.8027998999692212,1,0,0,1.2609349934800678,0.0,0.0,0.0,0.0,False,False,0.0
474,12.780821917808224,3.198581560283821,0.0,0.0,0.0,False,0.0,1,0,0,1.2609349934800678,0.0,0.0,0.0,0.0,False,False,0.0
475,12.794520547945211,3.198581560283821,0.0,0.0,0.0,False,0.0,1,0,0,1.2609349934800678,0.0,0.0,0.0,0.0,False,False,0.0
476,12.794520547945211,3.198581560283821,0.0,0.0,0.0,False,0.0,0,0,0,1.0,0.0,0.0,0.0,0.0,False,False,0.0
477,12.794520547945211,3.198581560283821,0.0,0.0,0.0,False,0.0,0,0,0,1.0,0.0,0.0,0.0,0.0,False,False,0.0
478,12.794520547945211,3.198581560283821,0.0,0.0,0.0,False,0.0,1,0,0,1.2609349934800678,0.0,0.0,0.0,0.0,False,False,0.0
479,12.794520547945211,3.198581560283821,0.0,0.0,0.0,False,0.0,1,0,0,1.2609349934800678,0.0,0.0,0.0,0.0,False,False,0.0
480,12.87671232876713,3.198581560283821,0.0,0.0419999999999719,0.0,False,-0.0608194284484578,1,0,0,1.2609349934800678,0.0,0.0,0.0,0.0,False,False,0.0
481,12.931506849315078,3.198581560283821,0.0,0.0,0.0,False,0.0,1,0,0,1.2609349934800678,0.0,0.0,0.0,0.0,False,False,0.0
482,13.136986301369872,3.198581560283821,0.0,0.0,0.0,False,0.0,1,1,0,1.4,0.0,0.0,0.0,0.0,False,False,0.0
483,13.219178082191789,3.198581560283821,0.0,0.0,0.0,False,0.0,1,1,0,1.4,0.0,0.0,0.0,0.0,False,False,0.0
484,13.219178082191789,3.198581560283821,0.0,0.0,0.0,False,0.0,0,1,0,1.4,0.0,0.0,0.0,0.0,False,False,0.0
485,13.219178082191789,3.198581560283821,0.0,0.0,0.0,False,0.0,0,0,0,1.0,0.0,0.0,0.0,0.0,False,False,0.0
486,13.219178082191789,3.198581560283821,0.0,0.0,0.0,False,0.0,0,0,0,1.0,0.0,0.0,0.0,0.0,False,False,0.0
487,13.219178082191789,3.198581560283821,0.0,0.0,0.0,False,0.0,1,0,0,1.2609349934800678,0.0,0.0,0.0,0.0,False,False,0.0
488,9.27397260273973,3.198581560283821,0.0,3.195000000000015,27.884945454545456,True,-0.2601734169951153,1,0,0,1.2609349934800678,0.0,0.0,0.0,0.0,False,False,0.0
489,9.712328767123294,3.198581560283821,0.0,0.0,0.0,False,0.0,1,0,0,1.2609349934800678,0.0,0.0,0.0,0.0,False,False,0.0
490,9.917808219178088,3.198581560283821,0.0,0.0,0.0,False,0.0,0,0,0,1.0,0.0,0.0,0.0,0.0,False,False,0.0
491,9.917808219178088,3.198581560283821,0.0,0.0,0.0,False,0.0,0,0,0,1.0,0.0,0.0,0.0,0.0,False,False,0.0
492,9.917808219178088,3.198581560283821,0.0,0.0,0.0,False,0.0,0,0,0,1.0,0.0,0.0,0.0,0.0,True,False,0.0
493,9.917808219178088,3.198581560283821,0.0,0.0,0.0,False,0.0,0,0,0,1.0,0.0,0.0,0.0,0.0,True,False,0.0
494,9.917808219178088,3.198581560283821,0.0,0.0,0.0,False,0.0,0,0,0,1.0,0.0,0.0,0.0,0.0,True,False,0.0
495,9.83561643835617,3.198581560283821,0.0,5.666000000000048,42.4221,True,-0.8302707961555656,0,0,0,1.0,0.0,0.0,0.0,0.0,True,False,0.0
496,9.849315068493157,3.198581560283821,0.0,0.0,0.0,False,0.0,0,0,0,1.0,0.0,0.0,0.0,0.0,True,False,0.0
497,9.931506849315074,3.198581560283821,0.0,0.0,0.0,False,0.0,0,0,0,1.0,0.0,0.0,0.0,0.0,True,False,0.0
498,9.931506849315074,3.198581560283821,0.0,0.0,0.0,False,0.0,0,0,0,1.0,0.0,0.0,0.0,0.0,True,False,0.0
499,9.931506849315074,3.198581560283821,0.0,0.0,0.0,False,0.0,1,0,0,1.2609349934800678,0.0,0.0,0.0,0.0,True,False,0.0
500,9.068493150684937,3.068027210884401,1.0,1.3920000000000248,19.6,False,-1.0,1,0,0,1.2609349934800678,0.0,0.0,0.0,0.0,True,False,0.0
501,9.684931506849322,3.068027210884401,1.0,0.0,0.0,False,0.0,1,0,0,1.2609349934800678,0.0,0.0,0.0,0.0,True,False,0.0
502,9.65753424657535,4.3265306122449765,1.0,0.0,0.0,False,0.0,1,0,0,1.2609349934800678,0.0,0.0,0.0,0.0,True,False,0.0
503,9.561643835616444,4.3265306122449765,0.0,0.0,0.0,False,0.0,1,0,0,1.2609349934800678,0.0,0.0,0.0,0.0,True,False,0.0
504,9.27397260273973,4.3265306122449765,0.0,0.0,0.0,False,0.0,1,0,0,1.2609349934800678,0.0,0.0,0.0,0.0,True,False,0.0
505,9.27397260273973,4.3265306122449765,0.0,0.0,0.0,False,0.0,1,0,0,1.2609349934800678,0.0,0.0,0.0,0.0,True,False,0.0
506,9.27397260273973,4.3265306122449765,0.0,0.0,0.0,False,0.0,0,0,0,1.0,0.0,0.0,0.0,0.0,True,False,0.0
507,9.24657534246576,4.3265306122449765,0.0,0.0,0.0,False,0.0,0,0,0,1.0,0.0,0.0,0.0,0.0,True,False,0.0
508,9.02739726027398,4.3265306122449765,0.0,0.0,0.0,False,0.0,1,0,0,1.2609349934800678,0.0,0.0,0.0,0.0,True,False,0.0
509,9.082191780821924,4.3265306122449765,0.0,0.0,0.0,False,0.0,1,0,0,1.2609349934800678,0.0,0.0,0.0,0.0,True,False,0.0
510,8.808219178082197,4.3265306122449765,0.0,0.0,0.0,False,0.0,1,0,0,1.2609349934800678,0.0,0.0,0.0,0.0,True,False,0.0
511,5.12328767123288,4.3265306122449765,0.0,0.0,0.0,False,0.0,0,0,0,1.0,0.0,0.0,0.0,0.0,True,False,0.0
512,5.12328767123288,4.3265306122449765,0.0,0.0,0.0,False,0.0,0,0,0,1.0,0.0,0.0,0.0,0.0,True,False,0.0
513,5.12328767123288,4.3265306122449765,0.0,0.0,0.0,False,0.0,1,1,0,1.4,0.0,0.0,0.0,0.0,True,False,0.0
514,5.191780821917811,4.3265306122449765,0.0,0.0,0.0,False,0.0,1,1,0,1.4,0.0,0.0,0.0,0.0,True,False,0.0
515,5.260273972602743,4.3265306122449765,0.0,0.0,0.0,False,0.0,1,1,0,1.4,0.0,0.0,0.0,0.0,True,False,0.0
516,5.12328767123288,4.3265306122449765,0.0,0.0,0.0,False,0.0,1,0,0,1.2609349934800678,0.0,0.0,0.0,0.0,True,False,0.0
517,5.109589041095894,4.3265306122449765,0.0,0.0,0.0,False,0.0,0,0,0,1.0,0.0,0.0,0.0,0.0,True,False,0.0
518,5.109589041095894,4.3265306122449765,0.0,0.0,0.0,False,0.0,0,0,0,1.0,0.0,0.0,0.0,0.0,True,False,0.0
519,5.109589041095894,4.3265306122449765,0.0,0.0,0.0,False,0.0,0,0,0,1.0,0.0,0.0,0.0,0.0,True,False,0.0
520,5.109589041095894,4.3265306122449765,0.0,0.0,0.0,False,0.0,0,0,0,1.0,0.0,0.0,0.0,0.0,True,False,0.0
521,4.75342465753425,4.3265306122449765,0.0,0.0,0.0,False,0.0,0,0,0,1.0,0.0,0.0,0.0,0.0,True,False,0.0
522,4.630136986301372,4.3265306122449765,0.0,0.0,0.0,False,0.0,0,0,0,1.0,0.0,0.0,0.0,0.0,True,False,0.0
523,4.9041095890411,4.3265306122449765,0.0,0.0,0.0,False,0.0,0,0,0,1.0,0.0,0.0,0.0,0.0,True,False,0.0
524,5.369863013698634,4.3265306122449765,0.0,0.0,0.0,False,0.0,0,0,0,1.0,0.0,0.0,0.0,0.0,True,False,0.0
525,5.054794520547948,4.3265306122449765,0.0,0.0,0.0,False,0.0,0,0,0,1.0,0.0,0.0,0.0,0.0,True,False,0.0
526,5.054794520547948,4.3265306122449765,0.0,0.0,0.0,False,0.0,0,0,0,1.0,0.0,0.0,0.0,0.0,True,False,0.0
527,5.054794520547948,4.3265306122449765,0.0,0.0,0.0,False,0.0,0,0,0,1.0,0.0,0.0,0.0,0.0,True,False,0.0
528,5.054794520547948,4.3265306122449765,0.0,0.0,0.0,False,0.0,0,0,0,1.0,0.0,0.0,0.0,0.0,True,False,0.0
529,3.835616438356168,4.3265306122449765,1.0,0.0,0.0,False,0.0,1,0,0,1.2609349934800678,0.0,0.0,0.0,0.0,True,False,0.0
530,3.684931506849317,4.5850340136055205,1.0,0.0,0.0,False,0.0,1,0,0,1.2609349934800678,0.0,0.0,0.0,0.0,True,False,0.0
531,3.273972602739729,4.5850340136055205,0.0,0.0,0.0,False,0.0,1,0,0,1.2609349934800678,0.0,0.0,0.0,0.0,True,False,0.0
532,2.8493150684931527,4.5850340136055205,0.0,0.0,0.0,False,0.0,0,0,0,1.0,0.0,0.0,0.0,0.0,True,False,0.0
533,2.8493150684931527,4.5850340136055205,0.0,0.0,0.0,False,0.0,0,0,0,1.0,0.0,0.0,0.0,0.0,True,False,0.0
534,2.8493150684931527,4.5850340136055205,0.0,0.0,0.0,False,0.0,1,0,0,1.2609349934800678,0.0,0.0,0.0,0.0,True,False,0.0
535,2.5205479452054806,4.5850340136055205,0.0,1.378000000000022,0.0019999999999997,False,-1.0,1,0,0,1.2609349934800678,0.0,0.0,0.0,0.0,True,False,0.0
536,2.71232876712329,4.5850340136055205,0.0,0.0,0.0,False,0.0,1,0,0,1.2609349934800678,0.0,0.0,0.0,0.0,True,False,0.0
537,2.71232876712329,4.5850340136055205,0.0,0.0,0.0,False,0.0,0,0,0,1.0,0.0,0.0,0.0,0.0,True,False,0.0
538,2.794520547945203,4.5850340136055205,0.0,0.0,0.0,False,0.0,0,0,0,1.0,0.0,0.0,0.0,0.0,True,False,0.0
539,2.671232876712326,4.5850340136055205,0.0,0.0,0.0,False,0.0,0,0,0,1.0,0.0,0.0,0.0,0.0,True,False,0.0
540,2.671232876712326,4.5850340136055205,0.0,0.0,0.0,False,0.0,0,0,0,1.0,0.0,0.0,0.0,0.0,True,False,0.0
541,2.671232876712326,4.5850340136055205,0.0,0.0,0.0,False,0.0,1,0,0,1.2609349934800678,0.0,0.0,0.0,0.0,True,False,0.0
542,2.65753424657534,4.5850340136055205,0.0,0.0,0.0,False,0.0,1,0,0,1.2609349934800678,0.0,0.0,0.0,0.0,True,False,0.0
543,2.81081081081081,4.5850340136055205,0.0,0.0,0.0,False,0.0,1,1,1,1.4,0.0,0.0,0.0,0.0,True,False,0.0
544,2.81081081081081,4.5850340136055205,0.0,0.0,0.0,False,0.0,1,1,1,1.4,0.0,0.0,0.0,0.0,True,False,0.0
545,2.786666666666666,4.5850340136055205,0.0,0.0,0.0,False,0.0,1,1,1,1.4,0.0,0.0,0.0,0.0,True,False,0.0
546,2.6533333333333338,4.5850340136055205,0.0,0.0,0.0,False,0.0,1,0,0,1.2609349934800678,0.0,0.0,0.0,0.0,True,False,0.0
547,2.6533333333333338,4.5850340136055205,0.0,0.0,0.0,False,0.0,1,0,0,1.2609349934800678,0.0,0.0,0.0,0.0,True,False,0.0
548,2.6533333333333338,4.5850340136055205,0.0,0.0,0.0,False,0.0,0,0,0,1.0,0.0,0.0,0.0,0.0,True,False,0.0
549,2.4666666666666663,4.5850340136055205,0.0,0.0,0.0,False,0.0,0,0,0,1.0,0.0,0.0,0.0,0.0,False,False,0.0
550,2.4666666666666663,4.5850340136055205,0.0,0.0,0.0,False,0.0,0,0,0,1.0,0.0,0.0,0.0,0.0,False,False,0.0
551,2.56,4.5850340136055205,0.0,0.0,0.0,False,0.0,0,0,0,1.0,0.0,0.0,0.0,0.0,False,False,0.0
552,2.671052631578948,4.5850340136055205,0.0,0.0,0.0,False,0.0,0,0,0,1.0,0.0,0.0,0.0,0.0,False,False,0.0
553,2.881578947368421,4.5850340136055205,0.0,0.0,0.0,False,0.0,0,0,0,1.0,0.0,0.0,0.0,0.0,False,False,0.0
554,2.881578947368421,4.5850340136055205,0.0,0.0,0.0,False,0.0,0,0,0,1.0,0.0,0.0,0.0,0.0,False,False,0.0
555,2.881578947368421,4.5850340136055205,0.0,0.0,0.0,False,0.0,0,0,0,1.0,0.0,0.0,0.0,0.0,False,False,0.0
556,3.210526315789474,4.5850340136055205,1.0,0.0,0.0,False,0.0,0,0,0,1.0,0.0,0.0,0.0,0.0,False,False,0.0
557,3.4868421052631597,4.5850340136055205,1.0,0.0,0.0,False,0.0,0,0,0,1.0,0.0,0.0,0.0,0.0,False,False,0.0
558,2.881578947368421,5.108843537415038,1.0,0.0,0.0,False,0.0,1,0,0,1.2609349934800678,0.0,0.0,0.0,0.0,False,False,0.0
559,3.012987012987015,5.108843537415038,0.0,0.0,0.0,False,0.0,1,0,0,1.2609349934800678,0.0,0.0,0.0,0.0,False,False,0.0
560,3.155844155844157,5.108843537415038,0.0,0.0,0.0,False,0.0,1,0,0,1.2609349934800678,0.0,0.0,0.0,0.0,False,False,0.0
561,3.155844155844157,5.108843537415038,0.0,0.0,0.0,False,0.0,1,0,0,1.2609349934800678,0.0,0.0,0.0,0.0,False,False,0.0
562,3.155844155844157,5.108843537415038,0.0,0.0,0.0,False,0.0,1,0,0,1.2609349934800678,0.0,0.0,0.0,0.0,False,False,0.0
563,3.1688311688311663,5.108843537415038,0.0,1.336000000000013,0.0,False,-1.1815409628353075,1,0,0,1.2609349934800678,0.0,0.0,0.0,0.0,False,False,0.0
564,3.089743589743589,5.108843537415038,0.0,0.0,0.0,False,0.0,1,0,0,1.2609349934800678,0.0,0.0,0.0,0.0,False,False,0.0
565,3.0126582278481,5.108843537415038,0.0,0.0,0.0,False,0.0,1,0,0,1.2609349934800678,0.0,0.0,0.0,0.0,False,False,0.0
566,3.037974683544304,5.108843537415038,0.0,0.0,0.0,False,0.0,1,0,0,1.2609349934800678,0.0,0.0,0.0,0.0,False,False,0.0
567,2.949367088607595,5.108843537415038,0.0,0.0,0.0,False,0.0,0,0,0,1.0,0.0,0.0,0.0,0.0,False,False,0.0
568,2.949367088607595,5.108843537415038,0.0,0.0,0.0,False,0.0,0,0,0,1.0,0.0,0.0,0.0,0.0,False,False,0.0
569,2.949367088607595,5.108843537415038,0.0,0.0,0.0,False,0.0,1,0,0,1.2609349934800678,0.0,0.0,0.0,0.0,False,False,0.0
570,1.425000000000001,5.108843537415038,0.0,0.0,0.0,False,0.0,1,0,0,1.2609349934800678,0.0,0.0,0.0,0.0,False,False,0.0
571,1.475,5.108843537415038,0.0,0.0,0.0,False,0.0,1,0,0,1.2609349934800678,0.0,0.0,0.0,0.0,False,False,0.0
572,1.6875,5.108843537415038,0.0,0.0,0.0,False,0.0,1,0,0,1.2609349934800678,0.0,0.0,0.0,0.0,False,False,0.0
573,1.4874999999999996,5.108843537415038,0.0,0.0,0.0,False,0.0,1,0,0,1.2609349934800678,0.0,0.0,0.0,0.0,False,False,0.0
574,1.469135802469136,5.108843537415038,0.0,0.0,0.0,False,0.0,1,1,0,1.4,0.0,0.0,0.0,0.0,False,False,0.0
575,1.469135802469136,5.108843537415038,0.0,0.0,0.0,False,0.0,1,1,0,1.4,0.0,0.0,0.0,0.0,False,False,0.0
576,1.469135802469136,5.108843537415038,0.0,0.0,0.0,False,0.0,1,1,0,1.4,0.0,0.0,0.0,0.0,False,False,0.0
577,1.4567901234567904,5.108843537415038,0.0,0.0,0.0,False,0.0,1,0,0,1.2609349934800678,0.0,0.0,0.0,0.0,False,False,0.0
578,1.4074074074074088,5.108843537415038,0.0,0.0,0.0,False,0.0,1,0,0,1.2609349934800678,0.0,0.0,0.0,0.0,False,False,0.0
579,1.333333333333334,5.108843537415038,0.0,0.0,0.0,False,0.0,0,0,0,1.0,0.0,0.0,0.0,0.0,False,False,0.0
580,1.0365853658536577,5.108843537415038,0.0,0.0,0.0,False,0.0,0,0,0,1.0,0.0,0.0,0.0,0.0,False,False,0.0
581,1.0121951219512193,5.108843537415038,0.0,0.0,0.0,False,0.0,0,0,0,1.0,0.0,0.0,0.0,0.0,False,False,0.0
582,1.0121951219512193,5.108843537415038,0.0,0.0,0.0,False,0.0,0,0,0,1.0,0.0,0.0,0.0,0.0,False,False,0.0
583,1.0121951219512193,5.108843537415038,0.0,0.0,0.0,False,0.0,0,0,0,1.0,0.0,0.0,0.0,0.0,False,False,0.0
584,0.8170731707317069,5.108843537415038,1.0,0.0,0.0,False,0.0,0,0,0,1.0,0.0,0.0,0.0,0.0,False,False,0.0
585,1.3493975903614448,5.108843537415038,1.0,0.0,0.0,False,0.0,0,0,0,1.0,0.0,0.0,0.0,0.0,False,False,0.0
586,1.1807228915662644,3.843537414966065,1.0,0.0,0.0,False,0.0,0,0,0,1.0,0.0,0.0,0.0,0.0,False,False,0.0
587,1.3809523809523814,3.843537414966065,0.0,0.0,0.0,False,0.0,1,0,0,1.2609349934800678,0.0,0.0,0.0,0.0,False,False,0.0
588,1.5238095238095233,3.843537414966065,0.0,0.0,0.0,False,0.0,1,0,0,1.2609349934800678,0.0,0.0,0.0,0.0,False,False,0.0
589,1.5238095238095233,3.843537414966065,0.0,0.0,0.0,False,0.0,1,0,0,1.2609349934800678,0.0,0.0,0.0,0.0,False,False,0.0
590,1.5238095238095233,3.843537414966065,0.0,0.0,0.0,False,0.0,1,0,0,1.2609349934800678,0.0,0.0,0.0,0.0897592316313233,False,False,0.0
591,1.392857142857143,3.843537414966065,0.0,2.236000000000012,0.0,False,-1.1847508436502467,1,0,0,1.2609349934800678,0.0,0.0,0.0,0.0,False,False,0.0
592,1.2117647058823535,3.843537414966065,0.0,0.0,0.0,False,0.0,1,0,0,1.2609349934800678,0.0,0.0,0.0,0.0,False,False,0.0
593,1.11764705882353,3.843537414966065,0.0,0.0,0.0,False,0.0,1,0,0,1.2609349934800678,0.0,0.0,0.0,0.0,False,False,0.0
594,1.1294117647058828,3.843537414966065,0.0,0.0,0.0,False,0.0,1,0,0,1.2609349934800678,0.0,0.0,0.0,0.0,False,False,0.0
595,1.317647058823529,3.843537414966065,0.0,0.0,0.0,False,0.0,1,0,0,1.2609349934800678,0.0,0.0,0.0,0.0,False,False,0.0
596,1.317647058823529,3.843537414966065,0.0,0.0,0.0,False,0.0,0,0,0,1.0,0.0,0.0,0.0,0.0,False,False,0.0
597,1.317647058823529,3.843537414966065,0.0,0.0,0.0,False,0.0,1,0,0,1.2609349934800678,0.0,0.0,0.0,0.0,False,False,0.0
598,1.174418604651163,3.843537414966065,0.0,0.0,0.0,False,0.0,1,0,0,1.2609349934800678,0.0,0.0,0.0,0.0,False,False,0.0
599,1.2558139534883717,3.843537414966065,0.0,0.0,0.0,False,0.0,1,0,0,1.2609349934800678,0.0,0.0,0.0,0.0,False,False,0.0
600,1.2209302325581388,3.843537414966065,0.0,0.0,0.0,False,0.0,1,0,0,1.2609349934800678,0.0,0.0,0.0,0.0,False,False,0.0
601,1.1494252873563218,3.843537414966065,0.0,0.0,0.0,False,0.0,1,0,0,1.2609349934800678,0.0,0.0,0.0,0.0,False,False,0.0
602,1.1264367816091947,3.843537414966065,0.0,0.0,0.0,False,0.0,1,0,0,1.2609349934800678,0.0,0.0,0.0,0.0,False,False,0.0
603,1.1264367816091947,3.843537414966065,0.0,0.0,0.0,False,0.0,0,0,0,1.0,0.0,0.0,0.0,0.0,False,False,0.0
604,1.1264367816091947,3.843537414966065,0.0,0.0,0.0,False,0.0,1,0,0,1.2609349934800678,0.0,0.0,0.0,0.0,False,False,0.0
605,1.2758620689655165,3.843537414966065,0.0,0.0,0.0,False,0.0,1,1,0,1.4,0.0,0.0,0.0,0.0,False,False,0.0
606,1.1264367816091947,3.843537414966065,0.0,0.0,0.0,False,0.0,1,1,0,1.4,0.0,0.0,0.0,0.0,False,False,0.0
607,1.287356321839079,3.843537414966065,0.0,0.0,0.0,False,0.0,1,1,0,1.4,0.0,0.0,0.0,0.0,False,False,0.0
608,1.170454545454546,3.843537414966065,0.0,0.0,0.0,False,0.0,1,0,0,1.2609349934800678,0.0,0.0,0.0,0.0,False,False,0.0
609,1.0568181818181817,3.843537414966065,0.0,0.0,0.0,False,0.0,1,0,0,1.2609349934800678,0.0,0.0,0.0,0.0,False,False,0.0
610,1.0568181818181817,3.843537414966065,0.0,0.0,0.0,False,0.0,0,0,0,1.0,0.0,0.0,0.0,0.0,False,False,0.0
611,1.0568181818181817,3.843537414966065,0.0,0.0,0.0,False,0.0,0,0,0,1.0,0.0,0.0,0.0,0.0,False,False,0.0
612,1.1123595505617974,3.843537414966065,0.0,0.0,0.0,False,0.0,0,0,0,1.0,0.0,0.0,0.0,0.0,False,False,0.0
613,0.999999999999999,3.843537414966065,0.0,0.0,0.0,False,0.0,0,0,0,1.0,0.0,0.0,0.0,0.0,False,False,0.0
614,1.0112359550561785,3.843537414966065,0.0,0.0,0.0,False,0.0,0,0,0,1.0,0.0,0.0,0.0,0.0,False,False,0.0
615,0.999999999999999,3.843537414966065,0.0,0.0,0.0,False,0.0,0,0,0,1.0,0.0,0.0,0.0,0.0,False,False,0.0
616,1.0112359550561805,3.843537414966065,0.0,0.0,0.0,False,0.0,0,0,0,1.0,0.0,0.0,0.0,0.0,False,False,0.0
617,1.0112359550561805,3.843537414966065,0.0,0.0,0.0,False,0.0,0,0,0,1.0,0.0,0.0,0.0,0.0,False,False,0.0
618,1.0112359550561805,3.843537414966065,0.0,0.0,0.0,False,0.0,0,0,0,1.0,0.0,0.0,0.0,0.0,False,False,0.0
619,0.6966292134831464,3.843537414966065,1.0,1.192999999999991,0.0,False,-1.2055598406222472,0,0,0,1.0,0.0,0.0,0.0,0.0,False,False,0.0
620,0.9550561797752808,3.843537414966065,1.0,0.0,0.0,False,0.0,1,0,0,1.2609349934800678,0.0,0.0,0.0,0.0,False,False,0.0
621,0.8651685393258435,3.761904761904821,1.0,0.0,0.0,False,0.0,1,0,0,1.2609349934800678,0.0,0.0,0.0,0.0,False,False,3.6682681974506
622,0.9101123595505628,3.761904761904821,0.0,0.0,0.0,False,0.0,1,0,0,1.2609349934800678,0.0,0.0,0.0,0.0,False,False,3.6682681974506
623,0.7415730337078656,3.761904761904821,0.0,0.0,0.0,False,0.0,1,0,0,1.2609349934800678,0.0,0.0,0.0,0.0,False,False,3.6682681974506
624,0.7415730337078656,3.761904761904821,0.0,0.0,0.0,False,0.0,0,0,0,1.0,0.0,0.0,0.0,0.0,False,False,3.6682681974506
625,0.7415730337078656,3.761904761904821,0.0,0.0,0.0,False,0.0,1,0,0,1.2609349934800678,0.0,0.0,0.0,0.0,False,False,3.6682681974506
626,0.4606741573033711,3.761904761904821,0.0,0.0,0.0,False,0.0,1,0,0,1.2609349934800678,0.0,0.0,0.0,0.0,False,False,3.6682681974506
627,0.5393258426966299,3.761904761904821,0.0,0.0,0.0,False,0.0,1,0,0,1.2609349934800678,0.0,0.0,0.0,0.0,False,False,3.6682681974506
628,0.6853932584269669,3.761904761904821,0.0,0.0,0.0,False,0.0,1,0,0,1.2609349934800678,0.0,1.0,1.0,0.0,False,False,0.9655240145401368
629,0.7415730337078656,3.761904761904821,0.0,0.0,0.0,False,0.0,0,0,0,1.0,0.0,0.0,0.0,0.0,False,False,0.9655240145401368
630,0.6629213483146068,3.761904761904821,0.0,0.0,0.0,False,0.0,0,0,0,1.0,0.0,0.0,0.0,0.0,False,False,0.9655240145401368
631,0.6629213483146068,3.761904761904821,0.0,0.0,0.0,False,0.0,0,0,0,1.0,0.0,0.0,0.0,0.0,False,False,0.9655240145401368
632,0.6629213483146068,3.761904761904821,0.0,0.0,0.0,False,0.0,1,0,0,1.2609349934800678,0.0,0.0,0.0,0.0,False,False,0.9655240145401368
633,0.6404494382022478,3.761904761904821,0.0,0.0,0.0,False,0.0,1,0,0,1.2609349934800678,0.0,0.0,0.0,0.0,False,False,0.9655240145401368
634,0.7303370786516861,3.761904761904821,0.0,0.0,0.0,False,0.0,1,0,0,1.2609349934800678,0.0,0.0,0.0,0.0,False,False,0.9655240145401368
635,0.8988764044943831,3.761904761904821,0.0,0.0,0.0,False,0.0,1,1,1,1.4,0.0,0.0,0.0,0.0,False,False,0.9625698126230884
636,1.0786516853932588,3.761904761904821,0.0,0.0,0.0,False,0.0,1,1,1,1.4,0.0,0.0,0.0,0.0,False,False,0.9596336334324548
637,1.0449438202247192,3.761904761904821,0.0,0.0,0.0,False,0.0,1,1,1,1.4,0.0,0.0,0.0,0.0,False,False,0.9596336334324548
638,1.0449438202247192,3.761904761904821,0.0,0.0,0.0,False,0.0,1,0,0,1.2609349934800678,0.0,0.0,0.0,0.0,False,False,0.9596336334324548
639,1.0449438202247192,3.761904761904821,0.0,0.0,0.0,False,0.0,0,0,0,1.0,0.0,0.0,0.0,0.0,False,False,0.9596336334324548
640,1.3932584269662915,3.761904761904821,0.0,0.0,0.0,False,0.0,0,0,0,1.0,0.0,0.0,0.0,0.0,False,False,0.9596336334324548
641,1.1123595505617974,3.761904761904821,0.0,0.0,0.0,False,0.0,0,0,0,1.0,0.0,0.0,0.0,0.0,False,False,0.92273640054623
642,1.0659340659340664,3.761904761904821,0.0,0.0,0.0,False,0.0,0,0,0,1.0,0.0,0.0,0.0,0.0,False,False,0.8821246449553058
643,1.1208791208791211,3.761904761904821,0.0,0.0,0.0,False,0.0,1,0,0,1.2609349934800678,0.0,0.0,0.0,0.0,False,False,0.8821246449553058
644,1.1428571428571428,3.761904761904821,0.0,0.0,0.0,False,0.0,1,0,0,1.2609349934800678,0.0,0.0,0.0,0.0,False,False,0.8821246449553058
645,1.1428571428571428,3.761904761904821,0.0,0.0,0.0,False,0.0,1,0,0,1.2609349934800678,0.0,0.0,0.0,0.0,False,False,0.8821246449553058
646,1.1428571428571428,3.761904761904821,0.0,0.0,0.0,False,0.0,0,0,0,1.0,0.0,0.0,0.0,0.0,False,False,0.8821246449553058
647,0.7582417582417585,3.761904761904821,1.0,1.095999999999986,20.0,False,-1.0,0,0,0,1.0,0.0,0.0,0.0,0.0,False,False,0.8821246449553058
648,0.6593406593406589,3.761904761904821,1.0,0.0,0.0,False,0.0,0,0,0,1.0,0.0,0.0,0.0,0.0,False,False,0.8821246449553058
649,0.7173913043478263,2.1224489795918817,1.0,0.0,0.0,False,0.0,0,0,0,1.0,0.0,0.0,0.0,0.0,False,False,0.8821246449553058
650,0.7500000000000004,2.1224489795918817,0.0,0.0,0.0,False,0.0,1,0,0,1.2609349934800678,0.0,0.0,0.0,0.0,False,False,0.8821246449553058
651,0.6956521739130432,2.1224489795918817,0.0,0.0,0.0,False,0.0,1,0,0,1.2609349934800678,0.0,0.0,0.0,0.0,False,False,0.8821246449553058
652,0.6956521739130432,2.1224489795918817,0.0,0.0,0.0,False,0.0,1,0,0,1.2609349934800678,0.0,0.0,0.0,0.0,False,False,0.8821246449553058
653,0.6956521739130432,2.1224489795918817,0.0,0.0,0.0,False,0.0,1,0,0,1.2609349934800678,0.0,0.0,0.0,0.0,False,False,0.8821246449553058
654,0.6521739130434779,2.1224489795918817,0.0,0.0,0.0,False,0.0,1,0,0,1.2609349934800678,0.0,0.0,0.0,0.0,False,False,0.8821246449553058
655,0.7282608695652174,2.1224489795918817,0.0,0.0,0.0,False,0.0,1,0,0,1.2609349934800678,0.0,0.0,0.0,0.0,False,False,0.8816558447156674
656,0.7500000000000004,2.1224489795918817,0.0,0.0,0.0,False,0.0,1,0,0,1.2609349934800678,3.214116104052351,0.0,0.0,0.0,False,False,2.875510531695843
657,0.8152173913043479,2.1224489795918817,0.0,0.0,0.0,False,0.0,1,0,0,1.2609349934800678,3.177935635980966,0.0,0.0,0.0,False,False,2.867187651226734
658,0.8260869565217389,2.1224489795918817,0.0,0.0,0.0,False,0.0,1,0,0,1.2609349934800678,3.177935635980966,0.0,0.0,0.0,False,False,2.867187651226734
659,0.8260869565217389,2.1224489795918817,0.0,0.0,0.0,False,0.0,0,0,0,1.0,3.177935635980966,0.0,0.0,0.0,False,False,2.867187651226734
660,0.8260869565217389,2.1224489795918817,0.0,0.0,0.0,False,0.0,0,0,0,1.0,3.177935635980966,0.0,0.0,0.0,False,False,2.867187651226734
661,0.7826086956521747,2.1224489795918817,0.0,0.0,0.0,False,0.0,1,0,0,1.2609349934800678,3.177935635980966,0.0,0.0,0.0,False,False,2.867187651226734
662,0.7934782608695657,2.1224489795918817,0.0,0.0,0.0,False,0.0,1,0,0,1.2609349934800678,3.177935635980966,0.0,0.0,0.0,False,False,2.867187651226734
663,0.7391304347826094,2.1224489795918817,0.0,0.0,0.0,False,0.0,1,0,0,1.2609349934800678,-2.057241987115831,1.0,1.0,0.0,False,False,-0.2099506006538706
664,0.7065217391304353,2.1224489795918817,0.0,0.0,0.0,False,0.0,1,0,0,1.2609349934800678,-2.057241987115831,0.0,0.0,0.0,False,False,-0.2099506006538706
665,0.7282608695652174,2.093959731543693,0.0,0.0,0.0,False,0.0,1,0,0,1.2609349934800678,-2.057241987115831,0.0,0.0,0.0,False,False,-0.2099506006538706
666,0.7282608695652174,2.093959731543693,0.0,0.0,0.0,False,0.0,1,1,0,1.4,-2.0676385406123514,0.0,0.0,0.0,False,False,-0.2105600458546102
667,0.7282608695652174,2.093959731543693,0.0,0.0,0.0,False,0.0,1,1,0,1.4,-2.0676385406123514,0.0,0.0,0.0,False,False,-0.2110335018754312
668,0.6195652173913047,2.093959731543693,0.0,0.0,0.0,False,0.0,1,1,0,1.4,-2.0676385406123514,0.0,0.0,0.0,False,False,-0.2108938801234562
669,0.6847826086956521,2.093959731543693,0.0,0.0,0.0,False,0.0,1,0,0,1.2609349934800678,-2.0676385406123514,0.0,0.0,0.0,False,False,-0.2108938801234562
670,0.7391304347826094,2.093959731543693,0.0,0.0,0.0,False,0.0,1,0,0,1.2609349934800678,0.8915789908926783,1.0,1.0,0.0,False,False,-0.2126611256944424
671,0.7717391304347826,2.093959731543693,0.0,0.0,0.0,False,0.0,0,0,0,1.0,0.8915789908926783,0.0,0.0,0.0,False,False,-0.2126611256944424
672,0.7717391304347826,2.093959731543693,0.0,0.0,0.0,False,0.0,0,0,0,1.0,0.8915789908926783,0.0,0.0,0.0,False,False,-0.2126611256944424
673,0.7717391304347826,2.093959731543693,0.0,0.0,0.0,False,0.0,0,0,0,1.0,0.8915789908926783,0.0,0.0,0.0,False,False,-0.2163761784266674
674,0.7717391304347826,2.093959731543693,0.0,0.0,0.0,False,0.0,0,0,0,1.0,0.8915789908926783,0.0,0.0,0.0,False,False,-0.2202233381337452
675,0.7173913043478263,2.093959731543693,0.0,0.4576697401508692,0.0,False,1.911221555555556,0,0,0,1.0,0.8915789908926783,0.0,0.0,0.0,False,False,-0.2202233381337452
676,0.6847826086956521,2.093959731543693,0.0,0.0,0.0,False,0.0,0,0,0,1.0,0.8915789908926783,0.0,0.0,0.0,False,False,-0.2202233381337452
677,0.7717391304347826,2.093959731543693,0.0,0.0,0.0,False,0.0,0,0,0,1.0,1.4803870485958135,1.0,1.0,0.0,False,False,0.7931942258373521
678,0.66304347826087,2.093959731543693,0.0,0.0,0.0,False,0.0,0,0,0,1.0,1.4895554290294934,0.0,0.0,0.0,False,False,0.7931942258373521
679,0.1304347826086958,2.093959731543693,0.0,0.0,0.0,False,0.0,0,0,0,1.0,1.4895554290294934,0.0,0.0,0.0,False,False,0.7931942258373521
680,0.1304347826086958,2.093959731543693,0.0,0.0,0.0,False,0.0,0,0,0,1.0,1.4895554290294934,0.0,0.0,0.0,False,False,0.7931942258373521
681,0.1304347826086958,2.093959731543693,0.0,0.0,0.0,False,0.0,0,0,0,1.0,1.4895554290294934,0.0,0.0,0.0,False,False,0.7931942258373521
682,-0.0217391304347821,2.093959731543693,1.0,0.0,0.0,False,0.0,1,0,0,1.2609349934800678,1.4895554290294934,0.0,0.0,0.0,False,False,0.7931942258373521
683,0.1304347826086958,2.093959731543693,1.0,0.0,0.0,False,0.0,1,0,0,1.2609349934800678,1.4895554290294934,0.0,0.0,0.0,False,False,0.7927364950857072
684,0.6195652173913047,1.7248322147651611,1.0,0.0,0.0,False,0.0,1,0,0,1.2609349934800678,1.3942426023838908,1.0,1.0,0.0,False,False,0.3508396233021745
685,0.6304347826086958,1.7248322147651611,0.0,0.0,0.0,False,0.0,1,0,0,1.2609349934800678,1.4288028762314111,0.0,0.0,0.0,False,False,0.3508396233021745
686,0.6153846153846154,1.7248322147651611,0.0,0.0,0.0,False,0.0,1,0,0,1.2609349934800678,1.4288028762314111,0.0,0.0,0.0,False,False,0.3508396233021745
687,0.6153846153846154,1.7248322147651611,0.0,0.0,0.0,False,0.0,1,0,0,1.2609349934800678,1.4288028762314111,0.0,0.0,0.0,False,False,0.3508396233021745
688,0.6153846153846154,1.7248322147651611,0.0,0.0,0.0,False,0.0,1,0,0,1.2609349934800678,1.4288028762314111,0.0,0.0,0.0,False,False,0.357073647992763
689,0.4835164835164833,1.7248322147651611,0.0,0.0,0.0,False,0.0,1,0,0,1.2609349934800678,1.4288028762314111,0.0,0.0,0.0,False,False,0.357073647992763
690,0.2967032967032965,1.7248322147651611,0.0,0.0,0.0,False,0.0,1,0,0,1.2609349934800678,1.4288028762314111,0.0,0.0,0.0,False,False,0.357073647992763
691,-0.0543478260869563,1.7248322147651611,0.0,0.0,0.0,False,0.0,0,0,0,1.0,-0.6485268416534254,1.0,1.0,0.0,False,False,1.011106494281385
692,-0.1630434782608689,1.7248322147651611,0.0,0.0,0.0,False,0.0,1,0,0,1.2609349934800678,-0.6485268416534254,0.0,0.0,0.0,False,False,1.011106494281385
693,0.0652173913043483,1.7248322147651611,0.0,0.0,0.0,False,0.0,1,0,0,1.2609349934800678,-0.6485268416534254,0.0,0.0,0.0,False,False,1.011106494281385
694,0.0652173913043483,1.7248322147651611,0.0,0.0,0.0,False,0.0,1,0,0,1.2609349934800678,-0.6485268416534254,0.0,0.0,0.0,False,False,1.011106494281385
695,0.0652173913043483,1.7248322147651611,0.0,0.0,0.0,False,0.0,1,0,0,1.2609349934800678,-0.6485268416534254,0.0,0.0,0.0,False,False,1.011106494281385
696,0.0978260869565215,1.7019867549669156,0.0,0.0,0.0,False,0.0,1,1,0,1.4,-0.6485268416534254,0.0,0.0,0.0,False,False,1.011106494281385
697,0.1847826086956521,1.7019867549669156,0.0,0.0,0.0,False,0.0,1,1,0,1.4,-0.6485268416534254,0.0,0.0,0.0,False,False,1.011106494281385
698,0.2282608695652173,1.7019867549669156,0.0,0.0,0.0,False,0.0,1,1,0,1.4,1.5194176910735038,1.0,1.0,0.0,False,False,-0.0366092325703084
699,0.2717391304347826,1.7019867549669156,0.0,0.0,0.0,False,0.0,1,0,0,1.2609349934800678,1.298180202404194,0.0,0.0,0.0,False,False,-0.0366092325703084
700,0.4891304347826089,1.7019867549669156,0.0,0.0,0.0,False,0.0,1,0,0,1.2609349934800678,1.298180202404194,0.0,0.0,0.0,False,False,-0.0366092325703084
701,0.4891304347826089,1.7019867549669156,0.0,0.0,0.0,False,0.0,0,0,0,1.0,1.298180202404194,0.0,0.0,0.0,False,False,-0.0366092325703084
702,0.4891304347826089,1.7019867549669156,0.0,0.0,0.0,False,0.0,0,0,0,1.0,1.298180202404194,0.0,0.0,0.0,False,False,-0.0366092325703084
703,0.3406593406593405,1.7019867549669156,0.0,1.149639226682853e-15,0.0,False,1.0,0,0,0,1.0,1.298180202404194,0.0,0.0,0.0,False,False,-0.0366092325703084
704,0.2527472527472524,1.7019867549669156,0.0,0.0,0.0,False,0.0,0,0,0,1.0,1.298180202404194,0.0,0.0,0.0,False,False,-0.0366092325703084
705,0.3076923076923072,1.7019867549669156,0.0,0.0,0.0,False,0.0,0,0,0,1.0,-0.4434984028292519,1.0,1.0,0.0,False,False,1.2156988453339868
706,0.3296703296703297,1.7019867549669156,0.0,0.0,0.0,False,0.0,0,0,0,1.0,-0.4434984028292519,0.0,0.0,0.0,False,False,1.1948385740323748
707,0.3516483516483513,1.7019867549669156,0.0,0.0,0.0,False,0.0,0,0,0,1.0,-0.4434984028292519,0.0,0.0,0.0,False,False,1.1948385740323748
708,0.3516483516483513,1.7019867549669156,0.0,0.0,0.0,False,0.0,0,0,0,1.0,-0.4434984028292519,0.0,0.0,0.0,False,False,1.1948385740323748
709,0.3516483516483513,1.7019867549669156,0.0,0.0,0.0,False,0.0,0,0,0,1.0,-0.4312440472017492,0.0,0.0,0.0,False,False,1.1948385740323748
710,0.2857142857142857,1.7019867549669156,1.0,0.0,0.0,False,0.0,0,0,0,1.0,-0.4312440472017492,0.0,0.0,0.0,False,False,1.1948385740323748
711,0.2637362637362632,1.7019867549669156,1.0,0.0,0.0,False,0.0,1,0,0,1.2609349934800678,-0.4312440472017492,0.0,0.0,0.0,False,False,1.0571099065968743
712,0.2747252747252749,4.152317880794745,1.0,0.0,0.0,False,0.0,1,0,0,1.2609349934800678,2.293717199976264,1.0,1.0,0.0,False,False,0.3653651682095746
713,0.2857142857142857,4.152317880794745,0.0,0.0,0.0,False,0.0,1,0,0,1.2609349934800678,2.293717199976264,0.0,0.0,0.0,False,False,0.3653651682095746
714,0.4945054945054941,4.152317880794745,0.0,0.0,0.0,False,0.0,1,0,0,1.2609349934800678,2.293717199976264,0.0,0.0,0.0,False,False,0.3653651682095746
715,0.4945054945054941,4.152317880794745,0.0,0.0,0.0,False,0.0,0,0,0,1.0,2.293717199976264,0.0,0.0,0.0,False,False,0.3653651682095746
716,0.4945054945054941,4.152317880794745,0.0,0.0,0.0,False,0.0,1,0,0,1.2609349934800678,2.293717199976264,0.0,0.0,0.0,False,False,0.3653651682095746
717,0.4395604395604393,4.152317880794745,0.0,0.0,0.0,False,0.0,1,0,0,1.2609349934800678,2.293717199976264,0.0,0.0,0.0,False,False,0.3653651682095746
718,0.4777777777777777,4.152317880794745,0.0,0.0,0.0,False,0.0,1,0,0,1.2609349934800678,2.293717199976264,0.0,0.0,0.0,False,False,0.3296891172628218
719,0.4666666666666668,4.152317880794745,0.0,0.0,0.0,False,0.0,1,0,0,1.2609349934800678,2.972576478157486,1.0,1.0,0.0,False,False,0.0994914121058146
720,0.4111111111111115,4.152317880794745,0.0,0.0,0.0,False,0.0,0,0,0,1.0,2.972576478157486,0.0,0.0,0.0,False,False,0.0994914121058146
721,0.3999999999999996,4.152317880794745,0.0,0.0,0.0,False,0.0,0,0,0,1.0,2.972576478157486,0.0,0.0,0.0,False,False,0.0994914121058146
722,0.3999999999999996,4.152317880794745,0.0,0.0,0.0,False,0.0,0,0,0,1.0,2.972576478157486,0.0,0.0,0.0,False,False,0.0994914121058146
723,0.3999999999999996,4.152317880794745,0.0,0.0,0.0,False,0.0,1,0,0,1.2609349934800678,2.972576478157486,0.0,0.0,0.0,False,False,0.0994914121058146
724,0.4444444444444441,4.152317880794745,0.0,0.0,0.0,False,0.0,1,0,0,1.2609349934800678,2.972576478157486,0.0,0.0,0.0,False,False,0.0994914121058146
725,0.366666666666667,4.152317880794745,0.0,0.0,0.0,False,0.0,1,0,0,1.2609349934800678,2.972576478157486,0.0,0.0,0.0,False,False,0.0994914121058146
726,0.4111111111111115,4.152317880794745,0.0,0.0,0.0,False,0.0,1,0,0,1.2609349934800678,2.866034610572784,0.0,0.0,0.0,False,False,0.0990315940505479
727,0.4222222222222223,4.152317880794745,0.0,0.0,0.0,False,0.0,1,1,1,1.4,2.866034610572784,0.0,0.0,0.0,False,False,0.0985723220145419
728,0.4222222222222223,4.152317880794745,0.0,0.0,0.0,False,0.0,0,1,1,1.4,2.866034610572784,0.0,0.0,0.0,False,False,0.0985723220145419
729,0.4222222222222223,4.152317880794745,0.0,0.0,0.0,False,0.0,0,1,1,1.4,2.866034610572784,0.0,0.0,0.0,False,False,0.0985723220145419
730,0.4222222222222223,4.152317880794745,0.0,0.0,0.0,False,0.0,0,0,0,1.0,2.866034610572784,0.0,0.0,0.0,False,False,0.0985723220145419
731,0.4222222222222223,4.152317880794745,0.0,0.0,0.0,False,0.0,0,0,0,1.0,2.866034610572784,0.0,0.0,0.0,False,False,0.0985723220145419
732,0.4222222222222223,4.152317880794745,0.0,0.0,0.0,False,0.0,0,0,0,1.0,2.866034610572784,0.0,0.0,0.0,False,False,0.0985723220145419
733,0.4222222222222223,4.152317880794745,0.0,0.0,0.0,False,0.0,0,0,0,1.0,2.9213994053682506,0.0,0.0,0.0,False,False,0.0647436231455985
734,0.4222222222222223,4.152317880794745,0.0,0.0,0.0,False,0.0,0,0,0,1.0,2.9213994053682506,0.0,0.0,0.0,False,False,0.0337514081514993
735,0.4222222222222223,4.152317880794745,0.0,0.0,0.0,False,0.0,0,0,0,1.0,2.9213994053682506,0.0,0.0,0.0,False,False,0.0337514081514993
736,0.4222222222222223,4.152317880794745,0.0,0.0,0.0,False,0.0,0,0,0,1.0,2.9213994053682506,0.0,0.0,0.0,False,False,0.0337514081514993
737,0.4222222222222223,4.152317880794745,0.0,0.0,0.0,False,0.0,1,0,0,1.2609349934800678,2.9213994053682506,0.0,0.0,0.0,False,False,0.0337514081514993
738,0.3888888888888887,4.152317880794745,0.0,0.056119402985082,5.333333333333332,False,1.878413451401741,1,0,0,1.2609349934800678,2.9213994053682506,0.0,0.0,0.0,False,False,0.0337514081514993
739,0.2444444444444443,4.071428571428686,0.0,0.0,0.0,False,0.0,1,0,0,1.2609349934800678,2.9213994053682506,0.0,0.0,0.0,False,False,0.0337514081514993
740,0.0222222222222217,4.071428571428686,0.0,0.0,0.0,False,0.0,0,0,0,1.0,1.034745551051966,1.0,1.0,0.0,False,False,-0.6144258180299407
741,-0.0555555555555553,4.071428571428686,0.0,0.0,0.0,False,0.0,0,0,0,1.0,1.034745551051966,0.0,0.0,0.0,False,False,-0.6144258180299407
742,-0.266666666666667,4.071428571428686,0.0,0.0,0.0,False,0.0,0,0,0,1.0,1.034745551051966,0.0,0.0,0.0,False,False,-0.6144258180299407
743,-0.266666666666667,4.071428571428686,0.0,0.0,0.0,False,0.0,0,0,0,1.0,1.034745551051966,0.0,0.0,0.0,False,False,-0.6144258180299407
744,-0.266666666666667,4.071428571428686,0.0,0.0,0.0,False,0.0,1,0,0,1.2609349934800678,1.034745551051966,0.0,0.0,0.0,False,False,-0.6144258180299407
745,-0.1333333333333335,4.071428571428686,1.0,0.0,0.0,False,0.0,1,0,0,1.2609349934800678,1.034745551051966,0.0,0.0,0.0,False,False,-0.6144258180299407
746,-0.0219780219780225,4.071428571428686,1.0,0.0,0.0,False,0.0,1,0,0,1.2609349934800678,1.034745551051966,0.0,0.0,0.0,False,False,-0.6144258180299407
747,0.0109890109890107,0.3766233766233973,1.0,0.0,0.0,False,0.0,0,0,0,1.0,-1.0834408780292335,1.0,1.0,0.0,False,False,-0.2813161937806199
748,-0.0219780219780225,0.3766233766233973,0.0,0.0,0.0,False,0.0,1,0,0,1.2609349934800678,-1.0834408780292335,0.0,0.0,0.0,False,False,-0.2813717845101726
749,-0.043956043956044,0.3766233766233973,0.0,0.0,0.0,False,0.0,1,0,0,1.2609349934800678,-1.0834408780292335,0.0,0.0,0.0,False,False,-0.2813717845101726
750,-0.043956043956044,0.3766233766233973,0.0,0.0,0.0,False,0.0,1,0,0,1.2609349934800678,-1.0834408780292335,0.0,0.0,0.0,False,False,-0.2813717845101726
751,-0.043956043956044,0.3766233766233973,0.0,0.0,0.0,False,0.0,0,0,0,1.0,-1.0834408780292335,0.0,0.0,0.0659435960288356,False,False,-0.2813717845101726
752,0.0109890109890107,0.3766233766233973,0.0,0.0,0.0,False,0.0,0,0,0,1.0,-1.0834408780292335,0.0,0.0,0.0,False,False,-0.2813717845101726
753,-0.0109890109890117,0.3766233766233973,0.0,0.0,0.0,False,0.0,1,0,0,1.2609349934800678,-1.0834408780292335,0.0,0.0,0.0,False,False,-0.2813717845101726
754,0.0109890109890107,0.3766233766233973,0.0,0.0,0.0,False,0.0,1,0,0,1.2609349934800678,-0.3343290288852377,1.0,1.0,0.0480693300363122,False,False,-0.5671947195083427
755,-0.0109890109890117,0.3766233766233973,0.0,0.0,0.0,False,0.0,1,0,0,1.2609349934800678,-0.3343290288852377,0.0,0.0,0.0381134055180831,False,False,-0.5671947195083427
756,0.0219780219780215,0.3766233766233973,0.0,0.0,0.0,False,0.0,0,0,0,1.0,-0.3343290288852377,0.0,0.0,0.0185282034037822,False,False,-0.5671947195083427
757,0.0219780219780215,0.3766233766233973,0.0,0.0,0.0,False,0.0,0,0,0,1.0,-0.3343290288852377,0.0,0.0,0.1642238100036271,False,True,-0.5671947195083427
758,0.0219780219780215,0.3766233766233973,0.0,0.0,0.0,False,0.0,1,1,0,1.4,-0.3343290288852377,0.0,0.0,0.3760281905267618,False,True,-0.5671785677939412
759,0.0219780219780215,0.3766233766233973,0.0,0.0,0.0,False,0.0,1,1,0,1.4,-0.3343290288852377,0.0,0.0,0.1058797835781091,False,False,-0.5671785677939412
760,0.1428571428571428,0.3766233766233973,0.0,0.0,0.0,False,0.0,1,1,0,1.4,-0.3343290288852377,0.0,0.0,0.0637070204827169,False,False,-0.5671785677939412
761,0.0989010989010988,0.3766233766233973,0.0,0.0,0.0,False,0.0,0,0,0,1.0,0.3120411988333766,1.0,1.0,0.0,False,False,-0.4509814963164298
762,0.0329670329670322,0.3766233766233973,0.0,0.0,0.0,False,0.0,0,0,0,1.0,0.3120411988333766,0.0,0.0,0.0,False,False,-0.4509814963164298
763,0.0219780219780215,0.3766233766233973,0.0,0.0,0.0,False,0.0,0,0,0,1.0,0.3120411988333766,0.0,0.0,0.0,False,False,-0.4509814963164298
764,0.0219780219780215,0.3766233766233973,0.0,0.0,0.0,False,0.0,0,0,0,1.0,0.3120411988333766,0.0,0.0,0.0,False,False,-0.4411965646704601
765,0.0219780219780215,0.3766233766233973,0.0,0.0,0.0,False,0.0,0,0,0,1.0,0.3122781244241345,0.0,0.0,0.0,False,False,-0.4411965646704601
766,-0.0109890109890117,0.3766233766233973,0.0,0.0,0.0,False,0.0,0,0,0,1.0,0.3122781244241345,0.0,0.0,0.0,False,False,-0.4411965646704601
767,-0.0989010989010998,0.3766233766233973,0.0,0.0,0.0,False,0.0,0,0,0,1.0,0.3122781244241345,0.0,0.0,0.0,True,False,-0.4411965646704601
768,-0.087912087912088,0.3766233766233973,0.0,0.0,0.0,False,0.0,0,0,0,1.0,-0.2332661530079625,1.0,1.0,0.0,True,False,-0.6941406598455764
769,-0.0989010989010998,0.3766233766233973,0.0,0.0,0.0,False,0.0,0,0,0,1.0,-0.2332661530079625,0.0,0.0,0.0,True,False,-0.6941406598455764
770,-0.0989010989010998,0.3766233766233973,0.0,0.0,0.0,False,0.0,0,0,0,1.0,-0.2332661530079625,0.0,0.0,0.0,True,False,-0.6941406598455764
771,-0.0989010989010998,0.3766233766233973,0.0,0.0,0.0,False,0.0,0,0,0,1.0,-0.2332661530079625,0.0,0.0,0.0,True,False,-0.6939974942840184
772,-0.0989010989010998,0.3766233766233973,0.0,0.0,0.0,False,0.0,0,0,0,1.0,-0.147513367076615,0.0,0.0,0.0,True,False,-0.6938543877656853
773,-0.1648351648351653,0.3766233766233973,1.0,0.0,6.000000000000001,False,0.7216375987287428,1,0,0,1.2609349934800678,-0.147513367076615,0.0,0.0,0.0,True,False,-0.6938543877656853
774,0.3076923076923072,0.3766233766233973,1.0,0.0,0.0,False,0.0,1,0,0,1.2609349934800678,-0.147513367076615,0.0,0.0,0.0,True,False,-0.6938543877656853
775,0.1318681318681311,1.1623376623377253,1.0,0.0,0.0,False,0.0,1,0,0,1.2609349934800678,-0.6678260129309691,1.0,1.0,0.0,True,False,-0.4462573140946681
776,0.2197802197802191,1.1623376623377253,0.0,0.0,0.0,False,0.0,1,0,0,1.2609349934800678,-0.6678260129309691,0.0,0.0,0.1215725803386105,True,True,-0.4462573140946681
777,0.318681318681318,1.1623376623377253,0.0,0.0,0.0,False,0.0,0,0,0,1.0,-0.6678260129309691,0.0,0.0,0.1421419372815311,True,True,-0.4462573140946681
778,0.318681318681318,1.1623376623377253,0.0,0.0,0.0,False,0.0,0,0,0,1.0,-0.6678260129309691,0.0,0.0,0.2929980326894956,True,True,-0.4462573140946681
779,0.318681318681318,1.1623376623377253,0.0,0.0,0.0,False,0.0,1,0,0,1.2609349934800678,-0.6678260129309691,0.0,0.0,0.3310976473447913,True,True,-0.4462573140946681
780,0.362637362637362,1.1623376623377253,0.0,0.0,0.0,False,0.0,1,0,0,1.2609349934800678,-0.6678260129309691,0.0,0.0,0.2094267350871037,True,True,-0.4462573140946681
781,0.4615384615384618,1.1623376623377253,0.0,0.0,0.0,False,0.0,1,0,0,1.2609349934800678,-0.6678260129309691,0.0,0.0,0.0872913029003284,True,False,-0.4462573140946681
782,0.5604395604395607,1.1623376623377253,0.0,0.0,0.0,False,0.0,0,0,0,1.0,3.394327333134092,1.0,1.0,0.1131023541382102,True,False,-0.7285402933651628
783,0.5604395604395607,1.1623376623377253,0.0,0.0,0.0,False,0.0,0,0,0,1.0,3.394327333134092,0.0,0.0,0.3063769281089825,True,True,-0.7285402933651628
784,0.5604395604395607,1.1623376623377253,0.0,0.0,0.0,False,0.0,0,0,0,1.0,3.394327333134092,0.0,0.0,0.3618385712252135,True,True,-0.7285402933651628
785,0.5604395604395607,1.1623376623377253,0.0,0.0,0.0,False,0.0,0,0,0,1.0,3.394327333134092,0.0,0.0,0.5085439225542823,True,True,-0.7285402933651628
786,0.5604395604395607,1.1623376623377253,0.0,0.0,0.0,False,0.0,1,1,0,1.4,3.394327333134092,0.0,0.0,0.5755247418677153,True,True,-0.7285402933651628
787,0.5274725274725274,1.1623376623377253,0.0,0.0,0.0,False,0.0,1,1,0,1.4,3.394327333134092,0.0,0.0,0.3682170263003774,True,True,-0.7285402933651628
788,0.5824175824175822,1.1623376623377253,0.0,0.0,0.0,False,0.0,1,1,0,1.4,3.394327333134092,0.0,0.0,0.0,True,False,-0.7285402933651628
789,0.681318681318681,1.1623376623377253,0.0,0.0,0.0,False,0.0,1,0,0,1.2609349934800678,2.2133619687183983,1.0,1.0,0.0371485981991382,True,False,-0.6536679746318301
790,0.6888888888888894,1.1623376623377253,0.0,0.0,0.0,False,0.0,1,0,0,1.2609349934800678,2.2133619687183983,0.0,0.0,0.0,True,False,-0.6536679746318301
791,0.733333333333334,1.1623376623377253,0.0,0.0,0.0,False,0.0,0,0,0,1.0,2.2133619687183983,0.0,0.0,0.0,True,False,-0.6536679746318301
792,0.733333333333334,1.1623376623377253,0.0,0.0,0.0,False,0.0,0,0,0,1.0,2.2133619687183983,0.0,0.0,0.0,True,False,-0.6536679746318301
793,0.733333333333334,1.1623376623377253,0.0,0.0,0.0,False,0.0,0,0,0,1.0,2.2133619687183983,0.0,0.0,0.0,True,False,-0.6536679746318301
794,0.6777777777777776,1.1623376623377253,0.0,0.0,0.0,False,0.0,0,0,0,1.0,2.2133619687183983,0.0,0.0,0.0,False,False,-0.6536679746318301
795,0.6888888888888894,1.1623376623377253,0.0,0.0,0.0,False,0.0,0,0,0,1.0,2.2133619687183983,0.0,0.0,0.0,False,False,-0.6536679746318301
796,0.6888888888888894,1.1623376623377253,0.0,0.0,0.0,False,0.0,0,0,0,1.0,1.9796231242757107,0.0,0.0,0.0,False,False,-0.6538027927574265
797,0.6666666666666666,1.1623376623377253,0.0,0.0,0.0,False,0.0,1,0,0,1.2609349934800678,1.9796231242757107,0.0,0.0,0.0,False,False,-0.6539376665066032
798,0.3999999999999996,1.118750000000034,0.0,0.0,0.0,False,0.0,1,0,0,1.2609349934800678,1.9796231242757107,0.0,0.0,0.0,False,False,-0.6539376665066032
799,0.3999999999999996,1.118750000000034,0.0,0.0,0.0,False,0.0,1,0,0,1.2609349934800678,1.9796231242757107,0.0,0.0,0.0,False,False,-0.6539376665066032
800,0.3999999999999996,1.118750000000034,0.0,0.0,0.0,False,0.0,0,0,0,1.0,1.9796231242757107,0.0,0.0,0.0,False,False,-0.6539376665066032
801,0.0333333333333326,1.118750000000034,1.0,0.0,0.0,False,0.0,0,0,0,1.0,1.9796231242757107,0.0,0.0,0.0,False,False,-0.6539376665066032
802,0.1666666666666661,1.118750000000034,1.0,0.0,0.0,False,0.0,1,0,0,1.2609349934800678,1.9796231242757107,0.0,0.0,0.0,False,False,-0.6539376665066032
803,0.3333333333333333,0.6562500000000284,1.0,0.0,0.0,False,0.0,1,0,0,1.2609349934800678,1.4007285348339995,1.0,1.0,0.0,False,False,-0.7086365581295739
804,0.3333333333333333,0.6562500000000284,0.0,0.0,0.0,False,0.0,1,0,0,1.2609349934800678,1.4007285348339995,0.0,0.0,0.0,False,False,-0.7086365581295739
805,0.3222222222222224,0.5773809523809623,0.0,0.0,0.0,False,0.0,0,0,0,1.0,1.4007285348339995,0.0,0.0,0.0,False,False,-0.7086365581295739
806,0.3222222222222224,0.5773809523809623,0.0,0.0,0.0,False,0.0,0,0,0,1.0,1.4007285348339995,0.0,0.0,0.0,False,False,-0.7086365581295739
807,0.3222222222222224,0.5773809523809623,0.0,0.0,0.0,False,0.0,1,0,0,1.2609349934800678,1.4007285348339995,0.0,0.0,0.0,False,False,-0.7086365581295739
808,0.2888888888888888,0.5773809523809623,0.0,0.0,10.0,False,0.6341955046186901,1,0,0,1.2609349934800678,1.4007285348339995,0.0,0.0,0.0,False,False,-0.7086365581295739
809,0.2999999999999997,0.5773809523809623,0.0,0.0,0.0,False,0.0,1,0,0,1.2609349934800678,1.4007285348339995,0.0,0.0,0.0,False,False,-0.7086365581295739
810,0.3111111111111105,0.5773809523809623,0.0,0.0,0.0,False,0.0,0,0,0,1.0,-0.789189709948664,1.0,1.0,0.0,False,False,-0.8582210934159707
811,0.1333333333333335,0.5773809523809623,0.0,0.0,0.0,False,0.0,0,0,0,1.0,-0.789189709948664,0.0,0.0,0.0,False,False,-0.8582210934159707
812,0.0777777777777771,0.5773809523809623,0.0,0.0,0.0,False,0.0,0,0,0,1.0,-0.789189709948664,0.0,0.0,0.0,False,False,-0.8582210934159707
813,0.0777777777777771,0.5773809523809623,0.0,0.0,0.0,False,0.0,0,0,0,1.0,-0.789189709948664,0.0,0.0,0.0,False,False,-0.8582210934159707
814,0.0777777777777771,0.5773809523809623,0.0,0.0,0.0,False,0.0,1,0,0,1.2609349934800678,-0.789189709948664,0.0,0.0,0.0,False,False,-0.8582210934159707
815,0.1333333333333335,0.5773809523809623,0.0,0.0,0.0,False,0.0,1,0,0,1.2609349934800678,-0.789189709948664,0.0,0.0,0.0,False,False,-0.8582210934159707
816,0.3999999999999996,0.5773809523809623,0.0,0.0,0.0,False,0.0,1,0,0,1.2609349934800678,-0.789189709948664,0.0,0.0,0.0,False,False,-0.8582210934159707
817,0.4888888888888886,0.5773809523809623,0.0,0.0,0.0,False,0.0,1,1,1,1.4,1.9283077536556104,1.0,1.0,0.0,False,False,-0.5338297764859562
818,0.3888888888888887,0.5773809523809623,0.0,0.0,0.0,False,0.0,1,1,1,1.4,1.9283077536556104,0.0,0.0,0.0,False,False,-0.5422226145613716
819,0.2888888888888888,0.5773809523809623,0.0,0.0,0.0,False,0.0,1,1,1,1.4,1.9283077536556104,0.0,0.0,0.0,False,False,-0.5422226145613716
820,0.2888888888888888,0.5773809523809623,0.0,0.0,0.0,False,0.0,1,0,0,1.2609349934800678,1.9283077536556104,0.0,0.0,0.0,False,False,-0.5422226145613716
821,0.2888888888888888,0.5773809523809623,0.0,0.0,0.0,False,0.0,0,0,0,1.0,1.9283077536556104,0.0,0.0,0.0,False,False,-0.5422226145613716
822,0.2111111111111107,0.5773809523809623,0.0,0.0,0.0,False,0.0,0,0,0,1.0,1.9283077536556104,0.0,0.0,0.0,False,False,-0.5422226145613716
823,-0.0111111111111108,0.5773809523809623,0.0,0.0,0.0,False,0.0,0,0,0,1.0,1.9283077536556104,0.0,0.0,0.0,False,False,-0.5422226145613716
824,-0.0111111111111108,0.5773809523809623,0.0,0.0,0.0,False,0.0,0,0,0,1.0,-0.5998897706567563,1.0,1.0,0.0,False,False,-0.6097047360907434
825,-0.0777777777777781,0.5773809523809623,0.0,0.0,0.0,False,0.0,0,0,0,1.0,-0.5998897706567563,0.0,0.0,0.0,False,False,-0.6097047360907434
826,0.1666666666666661,0.5773809523809623,0.0,0.0,0.0,False,0.0,0,0,0,1.0,-0.5998897706567563,0.0,0.0,0.0,False,False,-0.6097047360907434
827,0.1666666666666661,0.5773809523809623,0.0,0.0,0.0,False,0.0,0,0,0,1.0,-0.5998897706567563,0.0,0.0,0.0,False,False,-0.6097047360907434
828,0.1666666666666661,0.5773809523809623,0.0,0.0,0.0,False,0.0,0,0,0,1.0,-0.5998897706567563,0.0,0.0,0.0,False,False,-0.6097047360907434
829,0.0999999999999999,0.5773809523809623,1.0,0.0,0.0,False,0.0,0,0,0,1.0,-0.5998897706567563,0.0,0.0,0.0,False,False,-0.6097047360907434
830,0.3444444444444442,0.5773809523809623,1.0,0.0,0.0,False,0.0,0,0,0,1.0,-0.5998897706567563,0.0,0.0,0.0,False,False,-0.6097047360907434
831,0.2111111111111107,0.5773809523809353,1.0,0.0,0.0,False,0.0,0,0,0,1.0,1.7215427494758455,1.0,1.0,0.0,False,False,-0.7800907410735313
832,0.2222222222222225,0.5773809523809353,0.0,0.0,0.0,False,0.0,1,0,0,1.2609349934800678,1.7215427494758455,0.0,0.0,0.0,False,False,-0.7800907410735313
833,0.3999999999999996,0.5773809523809353,0.0,0.0,0.0,False,0.0,1,0,0,1.2609349934800678,1.7215427494758455,0.0,0.0,0.0,False,False,-0.7800907410735313
834,0.3999999999999996,0.5773809523809353,0.0,0.0,0.0,False,0.0,1,0,0,1.2609349934800678,1.7215427494758455,0.0,0.0,0.0,False,False,-0.7800907410735313
835,0.3999999999999996,0.5773809523809353,0.0,0.0,0.0,False,0.0,1,0,0,1.2609349934800678,1.7215427494758455,0.0,0.0,0.0,False,False,-0.7768657948306987
836,0.4333333333333332,0.5773809523809353,0.0,0.0,0.0,False,0.2985552304790052,1,0,0,1.2609349934800678,1.7215427494758455,0.0,0.0,0.0,False,False,-0.7768657948306987
837,0.5111111111111114,0.5773809523809353,0.0,0.0,0.0,False,0.0,1,0,0,1.2609349934800678,1.7215427494758455,0.0,0.0,0.0,False,False,-0.7768657948306987
838,0.366666666666667,0.4230769230769173,0.0,0.0,0.0,False,0.0,1,0,0,1.2609349934800678,-1.938340883633955,1.0,1.0,0.0,False,False,-0.7662266705036991
839,0.2999999999999997,0.4230769230769173,0.0,0.0,0.0,False,0.0,1,0,0,1.2609349934800678,-1.938340883633955,0.0,0.0,0.0,False,False,-0.7662266705036991
840,0.2444444444444443,0.4230769230769173,0.0,0.0,0.0,False,0.0,1,0,0,1.2609349934800678,-1.938340883633955,0.0,0.0,0.0,False,False,-0.7662266705036991
841,0.2444444444444443,0.4230769230769173,0.0,0.0,0.0,False,0.0,0,0,0,1.0,-1.938340883633955,0.0,0.0,0.0,False,False,-0.7662266705036991
842,0.2444444444444443,0.4230769230769173,0.0,0.0,0.0,False,0.0,0,0,0,1.0,-1.938340883633955,0.0,0.0,0.0,False,False,-0.7662266705036991
843,0.0,0.4230769230769173,0.0,0.0,0.0,False,0.0,1,0,0,1.2609349934800678,-1.938340883633955,0.0,0.0,0.0,False,False,-0.7662266705036991
844,-0.0109890109890117,0.4230769230769173,0.0,0.0,0.0,False,0.0,1,0,0,1.2609349934800678,-1.938340883633955,0.0,0.0,0.0,False,False,-0.7662266705036991
845,-0.1868131868131878,0.4230769230769173,0.0,0.0,0.0,False,0.0,1,0,0,1.2609349934800678,2.033425081485354,1.0,1.0,0.0,False,False,-0.5824153728104053
846,-0.2197802197802201,0.4230769230769173,0.0,0.0,0.0,False,0.0,1,0,0,1.2609349934800678,2.033425081485354,0.0,0.0,0.0,False,False,-0.5824153728104053
847,0.6043956043956047,0.4230769230769173,0.0,0.0,0.0,False,0.0,1,1,0,1.4,2.033425081485354,0.0,0.0,0.0,False,False,-0.5824153728104053
848,0.6043956043956047,0.4230769230769173,0.0,0.0,0.0,False,0.0,1,1,0,1.4,2.033425081485354,0.0,0.0,0.0,False,False,-0.5824153728104053
849,0.6043956043956047,0.4230769230769173,0.0,0.0,0.0,False,0.0,0,1,0,1.4,2.033425081485354,0.0,0.0,0.0,False,False,-0.5824153728104053
850,0.6043956043956047,0.4230769230769173,0.0,0.0,0.0,False,0.0,1,0,0,1.2609349934800678,2.033425081485354,0.0,0.0,0.0,False,False,-0.5824153728104053
851,0.5054945054945059,0.4230769230769173,0.0,0.0,0.0,False,0.0,1,0,0,1.2609349934800678,2.033425081485354,0.0,0.0,0.0,False,False,-0.5824153728104053
852,0.1428571428571428,0.4230769230769173,0.0,0.0,0.0,False,0.0,1,0,0,1.2609349934800678,1.6643638557414178,1.0,1.0,0.0,False,False,-0.3830619658346815
853,0.0219780219780215,0.4230769230769173,0.0,0.0,0.0,False,0.0,0,0,0,1.0,1.6643638557414178,0.0,0.0,0.0,False,False,-0.3830619658346815
854,-0.0769230769230773,0.4230769230769173,0.0,0.0,0.0,False,0.0,0,0,0,1.0,1.6643638557414178,0.0,0.0,0.0,False,False,-0.3830619658346815
855,-0.0769230769230773,0.4230769230769173,0.0,0.0,0.0,False,0.0,0,0,0,1.0,1.6643638557414178,0.0,0.0,0.0,False,False,-0.3830619658346815
856,-0.0769230769230773,0.4230769230769173,0.0,0.0,0.0,False,0.0,0,0,0,1.0,1.6643638557414178,0.0,0.0,0.0,False,False,-0.3830619658346815
857,-0.0769230769230773,0.4230769230769173,0.0,0.0,0.0,False,0.0,0,0,0,1.0,1.6643638557414178,0.0,0.0,0.0,False,False,-0.3830619658346815
858,-0.0769230769230773,0.4230769230769173,0.0,0.0,0.0,False,0.0,0,0,0,1.0,1.6643638557414178,0.0,0.0,0.0,False,False,-0.3830619658346815
859,-0.0219780219780225,0.4230769230769173,0.0,0.0,0.0,False,0.0,0,0,0,1.0,1.6360853396143258,0.0,0.0,0.0,False,False,-0.3830619658346815
860,-0.0217391304347821,0.4230769230769173,0.0,0.0,0.0,False,0.0,0,0,0,1.0,1.6360853396143258,0.0,0.0,0.0,False,False,-0.3830619658346815
861,-0.1521739130434779,0.4230769230769173,0.0,0.0,0.0,False,0.0,0,0,0,1.0,1.6360853396143258,0.0,0.0,0.0,False,False,-0.3830619658346815
862,-0.1521739130434779,0.4230769230769173,0.0,0.0,0.0,False,0.0,0,0,0,1.0,1.6360853396143258,0.0,0.0,0.0,False,False,-0.3830619658346815
863,-0.1521739130434779,0.4230769230769173,0.0,0.0,0.0,False,0.0,1,0,0,1.2609349934800678,1.6360853396143258,0.0,0.0,0.1125108315778806,False,False,-0.3830619658346815
864,0.4565217391304347,0.4230769230769173,1.0,0.0,0.0,False,-0.3149952422138293,1,0,0,1.2609349934800678,1.6360853396143258,0.0,0.0,0.0691393777951578,False,False,-0.3830619658346815
865,0.4456521739130437,0.4230769230769173,1.0,0.0,0.0,False,0.0,1,0,0,1.2609349934800678,1.6360853396143258,0.0,0.0,0.0,False,False,-0.3830619658346815
866,0.336956521739131,0.1593406593406659,1.0,0.0,0.0,False,0.0,1,0,0,1.2609349934800678,-0.5959742319058497,1.0,1.0,0.0,False,False,-0.6652264392976521
867,0.3586956521739131,0.1593406593406659,0.0,0.0,0.0,False,0.0,1,0,0,1.2609349934800678,-0.5959742319058497,0.0,0.0,0.0,False,False,-0.6652264392976521
868,0.3586956521739131,0.1593406593406659,0.0,0.0,0.0,False,0.0,0,0,0,1.0,-0.5959742319058497,0.0,0.0,0.0,False,False,-0.6652264392976521
869,0.3586956521739131,0.1593406593406659,0.0,0.0,0.0,False,0.0,0,0,0,1.0,-0.5959742319058497,0.0,0.0,0.0891216334522752,False,False,-0.6652264392976521
870,0.3586956521739131,0.1593406593406659,0.0,0.0,0.0,False,0.0,1,0,0,1.2609349934800678,-0.5897262941667335,0.0,0.0,0.1434665087442393,False,False,-0.6435938393081397
871,0.3695652173913042,0.0833333333333274,0.0,0.0,0.0,False,0.0,1,0,0,1.2609349934800678,-0.5897262941667335,0.0,0.0,0.0232349719332923,False,False,-0.6435938393081397
872,0.2747252747252749,0.0833333333333274,0.0,0.0,0.0,False,0.0,1,0,0,1.2609349934800678,-0.5897262941667335,0.0,0.0,0.0,False,False,-0.6435938393081397
873,0.362637362637362,0.0833333333333274,0.0,0.0,0.0,False,0.0,1,0,0,1.2609349934800678,-0.6589548832162347,1.0,1.0,0.1100815837507892,False,False,-0.5844873542043595
874,0.2637362637362632,0.0833333333333274,0.0,0.0,0.0,False,0.0,1,0,0,1.2609349934800678,-0.6589548832162347,0.0,0.0,0.0,False,False,-0.5844873542043595
875,0.3736263736263738,0.0833333333333274,0.0,0.0,0.0,False,0.0,1,0,0,1.2609349934800678,-0.6589548832162347,0.0,0.0,0.0,False,False,-0.5844873542043595
876,0.3736263736263738,0.0833333333333274,0.0,0.0,0.0,False,0.0,0,0,0,1.0,-0.6589548832162347,0.0,0.0,0.2465124621989086,False,True,-0.5844338557959284
877,0.3736263736263738,0.0833333333333274,0.0,0.0,0.0,False,0.0,1,0,0,1.2609349934800678,-0.6589548832162347,0.0,0.0,0.4946573988063922,False,True,-0.5844338557959284
878,0.3516483516483513,0.0833333333333274,0.0,0.0,0.0,False,0.0,1,1,0,1.4,-0.6589548832162347,0.0,0.0,0.3486188385212278,False,True,-0.5844338557959284
879,0.3736263736263738,0.0833333333333274,0.0,0.0,0.0,False,0.0,1,1,0,1.4,-0.6589548832162347,0.0,0.0,0.2163966624679031,False,True,-0.5844338557959284
880,0.4285714285714285,0.0833333333333274,0.0,0.0,0.0,False,0.0,0,1,0,1.4,-0.5477835243221303,1.0,1.0,0.0350594071817612,False,False,-0.5853910120409126
881,0.318681318681318,0.0833333333333274,0.0,0.0,0.0,False,0.0,0,0,0,1.0,-0.5477835243221303,0.0,0.0,0.1396112629169946,False,False,-0.5853910120409126
882,0.3846153846153845,0.0833333333333274,0.0,0.0,0.0,False,0.0,0,0,0,1.0,-0.5477835243221303,0.0,0.0,0.2204479126092284,False,True,-0.5853910120409126
883,0.3846153846153845,0.0833333333333274,0.0,0.0,0.0,False,0.0,0,0,0,1.0,-0.5477835243221303,0.0,0.0,0.3333427015743706,False,True,-0.5853910120409126
884,0.3846153846153845,0.0833333333333274,0.0,0.0,0.0,False,0.0,0,0,0,1.0,-0.5054713615334627,0.0,0.0,0.4802121540952062,False,True,-0.5853910120409126
885,0.4175824175824178,0.0833333333333274,0.0,0.0,0.0,False,0.0,0,0,0,1.0,-0.5054713615334627,0.0,0.0,0.2124192530340914,False,True,-0.5853910120409126
886,0.3736263736263738,0.0833333333333274,0.0,0.0,0.0,False,0.0,0,0,0,1.0,-0.5054713615334627,0.0,0.0,0.0056120193062785,False,False,-0.5853910120409126
887,0.4505494505494501,0.0833333333333274,0.0,0.0,0.0,False,0.0,0,0,0,1.0,-1.989076265483377,1.0,1.0,0.0,False,False,-0.7045502651812389
888,0.362637362637362,0.0833333333333274,0.0,0.0,0.0,False,0.0,0,0,0,1.0,-1.989076265483377,0.0,0.0,0.0,False,False,-0.7045502651812389
889,0.3296703296703297,0.0833333333333274,0.0,0.0,0.0,False,0.0,0,0,0,1.0,-1.989076265483377,0.0,0.0,0.0,False,False,-0.7045502651812389
890,0.3296703296703297,0.0833333333333274,0.0,0.0,0.0,False,0.0,0,0,0,1.0,-1.989076265483377,0.0,0.0,0.0,False,False,-0.7043982112391739
891,0.3296703296703297,0.0833333333333274,0.0,0.0,0.0,False,0.0,0,0,0,1.0,-1.989076265483377,0.0,0.0,0.0382102555187312,False,False,-0.7042462229146065
892,0.3296703296703297,0.0833333333333274,0.0,0.0,0.0,False,0.0,0,0,0,1.0,-1.989076265483377,0.0,0.0,0.0384024084088451,False,False,-0.7042462229146065
893,0.5604395604395607,0.0833333333333274,1.0,0.0,0.0,False,0.0,0,0,0,1.0,-1.989076265483377,0.0,0.0,0.0,False,False,-0.7042462229146065
894,0.3956043956043953,-0.5937499999999963,1.0,0.0,0.0,False,0.0,1,0,0,1.2609349934800678,2.536819649700404,1.0,1.0,0.0,False,False,-0.5862959443926491
895,0.4065934065934061,-0.5937499999999963,0.0,0.0,0.0,False,0.0,1,0,0,1.2609349934800678,2.536819649700404,0.0,0.0,0.0058547182346832,False,False,-0.5862959443926491
896,0.3516483516483513,-0.5937499999999963,0.0,0.0,0.0,False,0.0,1,0,0,1.2609349934800678,2.536819649700404,0.0,0.0,0.0,False,False,-0.5862959443926491
897,0.3516483516483513,-0.5937499999999963,0.0,0.0,0.0,False,0.0,0,0,0,1.0,2.536819649700404,0.0,0.0,0.0885485697150442,False,False,-0.5862959443926491
898,0.3516483516483513,-0.5937499999999963,0.0,0.0,0.0,False,0.0,0,0,0,1.0,2.536819649700404,0.0,0.0,0.1350055067148179,False,False,-0.5862959443926491
899,0.2967032967032965,-0.5937499999999963,0.0,0.0,6.666666666666665,False,-0.6543985645098775,1,0,0,1.2609349934800678,2.536819649700404,0.0,0.0,0.0148432276054621,False,False,-0.5862959443926491
900,0.2637362637362632,-0.5937499999999963,0.0,0.0,0.0,False,0.0,1,0,0,1.2609349934800678,2.536819649700404,0.0,0.0,0.0,False,False,-0.5862959443926491
901,0.2967032967032965,-0.5937499999999963,0.0,0.0,0.0,False,0.0,1,0,0,1.2609349934800678,-1.5485486793716874,1.0,1.0,0.0148432276051213,False,False,-0.7880589733241439
902,0.1868131868131869,-0.6000000000000048,0.0,0.0,0.0,False,0.0,0,0,0,1.0,-1.5485486793716874,0.0,0.0,0.0306708018048837,False,False,-0.7880589733241439
903,0.1648351648351644,-0.6000000000000048,0.0,0.0,0.0,False,0.0,0,0,0,1.0,-1.5485486793716874,0.0,0.0,0.0136170254415785,False,False,-0.7880589733241439
904,0.1648351648351644,-0.6000000000000048,0.0,0.0,0.0,False,0.0,0,0,0,1.0,-1.5375311550217166,0.0,0.0,0.1797612737589388,False,True,-0.7880589733241439
905,0.1648351648351644,-0.6000000000000048,0.0,0.0,0.0,False,0.0,1,0,0,1.2609349934800678,-1.5375311550217166,0.0,0.0,0.416927955764925,False,True,-0.7880589733241439
906,0.1868131868131869,-0.6000000000000048,0.0,0.0,0.0,False,0.0,1,0,0,1.2609349934800678,-1.5375311550217166,0.0,0.0,0.3474399631373795,False,True,-0.7880589733241439
907,0.1758241758241751,-0.5642458100558579,0.0,0.0,0.0,False,0.0,1,0,0,1.2609349934800678,-1.5375311550217166,0.0,0.0,0.264054371984325,False,True,-0.7880589733241439
908,0.3076923076923072,-0.5642458100558579,0.0,0.0,0.0,False,0.0,1,1,1,1.4,-1.5185966172088203,1.0,1.0,0.0,False,False,-0.2607380135072025
909,0.4725274725274726,-0.5642458100558579,0.0,0.0,0.0,False,0.0,1,1,1,1.4,-1.5185966172088203,0.0,0.0,0.0013056793818184,False,False,-0.2607380135072025
910,0.5164835164835166,-0.5642458100558579,0.0,0.0,0.0,False,0.0,0,1,1,1.4,-1.5185966172088203,0.0,0.0,0.0,False,False,-0.2607380135072025
911,0.5164835164835166,-0.5642458100558579,0.0,0.0,0.0,False,0.0,0,0,0,1.0,-1.5185966172088203,0.0,0.0,0.2243277391595416,False,True,-0.2607380135072025
912,0.5164835164835166,-0.5642458100558579,0.0,0.0,0.0,False,0.0,1,0,0,1.2609349934800678,-1.5185966172088203,0.0,0.0,0.5037809977504415,False,True,-0.2607380135072025
913,0.3956043956043953,-0.5642458100558579,0.0,0.0,0.0,False,0.0,1,0,0,1.2609349934800678,-1.5185966172088203,0.0,0.0,0.3474330143384642,False,True,-0.2607380135072025
914,0.4065934065934061,-0.5642458100558579,0.0,0.0,0.0,False,0.0,1,0,0,1.2609349934800678,-1.5185966172088203,0.0,0.0,0.2444602756983157,False,True,-0.2607380135072025
915,0.362637362637362,-0.5642458100558579,0.0,0.0,0.0,False,0.0,0,0,0,1.0,0.0077624521584437,1.0,1.0,0.3904662515847948,False,True,-0.6762452171774821
916,0.4285714285714285,-0.5642458100558579,0.0,0.0,0.0,False,0.0,0,0,0,1.0,0.0077624521584437,0.0,0.0,0.562548502428809,False,True,-0.6762452171774821
917,0.4065934065934061,-0.5642458100558579,0.0,0.0,0.0,False,0.0,0,0,0,1.0,0.0077624521584437,0.0,0.0,0.5530841270582212,False,True,-0.6762452171774821
918,0.4065934065934061,-0.5642458100558579,0.0,0.0,0.0,False,0.0,0,0,0,1.0,0.0077624521584437,0.0,0.0,0.6753177572962907,False,True,-0.6763086945457153
919,0.4065934065934061,-0.5642458100558579,0.0,0.0,0.0,False,0.0,0,0,0,1.0,0.0077624521584437,0.0,0.0,0.7616935753810156,False,True,-0.6763086945457153
920,0.4615384615384618,-0.5642458100558579,1.0,0.0,0.0,False,0.0,0,0,0,1.0,0.0077624521584437,0.0,0.0,0.6892110958365516,False,True,-0.6763086945457153
921,0.6593406593406594,-0.5642458100558579,1.0,0.0,0.0,False,0.0,0,0,0,1.0,0.0077624521584437,0.0,0.0,0.5849791068952335,False,True,-0.6763086945457153
922,0.637362637362637,-0.3351955307262806,1.0,0.0,0.0,False,0.0,0,0,0,1.0,0.7729354006451332,1.0,1.0,0.5328631124245744,False,True,-0.4050993386417113
923,0.7472527472527476,-0.3351955307262806,0.0,0.0,0.0,False,0.0,1,0,0,1.2609349934800678,0.7729354006451332,0.0,0.0,0.4772727183232329,False,True,-0.4050993386417113
924,0.9010989010989012,-0.3351955307262806,0.0,0.0,0.0,False,0.0,1,0,0,1.2609349934800678,0.7729354006451332,0.0,0.0,0.5988767054214374,False,True,-0.4050993386417113
925,0.9010989010989012,-0.3351955307262806,0.0,0.0,0.0,False,0.0,1,0,0,1.2609349934800678,0.7729354006451332,0.0,0.0,0.6683646980489828,False,True,-0.3600569374339057
926,0.9010989010989012,-0.3351955307262806,0.0,0.0,0.0,False,0.0,1,0,0,1.2609349934800678,0.7729354006451332,0.0,0.0,0.8420846796171515,False,True,-0.3087442666088111
927,1.21978021978022,-0.3351955307262806,0.0,0.8374040474529015,60.0,True,-1.0,1,0,0,1.2609349934800678,0.7729354006451332,0.0,0.0,0.7873454387008549,False,True,-0.3087442666088111
928,0.8791208791208797,-0.3351955307262806,0.0,0.0,0.0,False,0.0,1,0,0,1.2609349934800678,0.7729354006451332,0.0,0.0,0.7050924925921511,False,True,-0.3087442666088111
929,1.076923076923077,-0.3351955307262806,0.0,0.0,0.0,False,0.0,1,0,0,1.2609349934800678,-0.0037743245269282,1.0,1.0,0.7387011759867956,False,True,-0.7589751853929289
930,1.1098901098901095,-0.3351955307262806,0.0,0.0,0.0,False,0.0,1,0,0,1.2609349934800678,-0.0037743245269282,0.0,0.0,0.7387011759867956,False,True,-0.7589751853929289
931,1.1648351648351631,-0.3351955307262806,0.0,0.0,0.0,False,0.0,1,0,0,1.2609349934800678,-0.0037743245269282,0.0,0.0,0.6822106524769338,False,True,-0.7589751853929289
932,1.1648351648351631,-0.3351955307262806,0.0,0.0,0.0,False,0.0,0,0,0,1.0,-0.0037743245269282,0.0,0.0,0.7496332987474913,False,True,-0.7590015307238736
933,1.1648351648351631,-0.3351955307262806,0.0,0.0,0.0,False,0.0,0,0,0,1.0,0.0,0.0,0.0,0.8170559450180488,False,True,-0.7590278924926157
934,1.3804347826086951,-0.3351955307262806,0.0,0.0,0.0,False,0.0,1,0,0,1.2609349934800678,0.0,0.0,0.0,0.766488960315468,False,True,-0.7590278924926157
935,1.2826086956521736,-0.3351955307262806,0.0,0.0,0.0,False,0.0,1,0,0,1.2609349934800678,0.0,0.0,0.0,0.6822106524772711,False,True,-0.7590278924926157
936,1.3655913978494625,-0.3351955307262806,0.0,0.0,0.0,False,0.0,1,0,0,1.2609349934800678,0.7712584773329836,1.0,1.0,0.6147880062067136,False,True,-0.5244401612090209
937,1.5268817204301064,-0.3351955307262806,0.0,0.0,0.0,False,0.0,1,0,0,1.2609349934800678,0.7712584773329836,0.0,0.0,0.5608498891902677,False,True,-0.5244401612090209
938,1.5053763440860208,-0.3351955307262806,0.0,0.0,0.0,False,0.0,1,0,0,1.2609349934800678,0.7712584773329836,0.0,0.0,0.6619838585961039,False,True,-0.5244401612090209
939,1.5053763440860208,-0.3351955307262806,0.0,0.0,0.0,False,0.0,1,1,0,1.4,0.7712584773329836,0.0,0.0,0.7353027925239146,False,True,-0.5203821740180665
940,1.5053763440860208,-0.3351955307262806,0.0,0.0,0.0,False,0.0,0,1,0,1.4,0.7712584773329836,0.0,0.0,0.9392058003171714,False,True,-0.5160986107832265
941,1.5319148936170215,-0.3351955307262806,0.0,0.0,0.0,False,0.0,0,1,0,1.4,0.7712584773329836,0.0,0.0,0.8032704617883335,False,True,-0.5160986107832265
942,1.5851063829787244,-0.3351955307262806,0.0,0.0,0.0,False,0.0,0,0,0,1.0,0.7712584773329836,0.0,0.0,0.5144078674148932,False,True,-0.5160986107832265
943,1.6063829787234034,-0.3351955307262806,0.0,0.0,0.0,False,0.0,0,0,0,1.0,-1.3575613564290314,1.0,1.0,0.3954644462024997,False,True,-0.5335837442000517
944,1.3936170212765937,-0.3351955307262806,0.0,0.0,0.0,False,0.0,0,0,0,1.0,-1.3575613564290314,0.0,0.0,0.3786740060305272,False,True,-0.5335837442000517
945,1.2659574468085095,-0.3351955307262806,0.0,0.0,0.0,False,0.0,0,0,0,1.0,-1.3575613564290314,0.0,0.0,0.4168790105360762,False,True,-0.5335837442000517
946,1.2659574468085095,-0.3351955307262806,0.0,0.0,0.0,False,0.0,0,0,0,1.0,-1.3575613564290314,0.0,0.0,0.4617158886712049,False,True,-0.5334355664671698
947,1.2659574468085095,-0.3351955307262806,0.0,0.0,0.0,False,0.0,0,0,0,1.0,-1.3463724065445366,0.0,0.0,0.5963365562464493,False,True,-0.5332870767794636
948,1.2812500000000004,-0.3351955307262806,1.0,0.0,0.0,False,0.0,0,0,0,1.0,-1.3463724065445366,0.0,0.0,0.5732520954049622,False,True,-0.5332870767794636
949,1.5625,-0.3351955307262806,1.0,0.0,0.0,False,0.0,0,0,0,1.0,-1.3463724065445366,0.0,0.0,0.4857278181924171,False,True,-0.5332870767794636
950,1.4270833333333313,0.1955307262569568,1.0,0.0,0.0,False,0.0,0,0,0,1.0,-1.3386029055601432,1.0,1.0,0.5047834826290413,False,True,-0.4254719279372851
951,1.4270833333333313,0.1955307262569568,0.0,0.0,0.0,False,0.0,0,0,0,1.0,-1.3386029055601432,0.0,0.0,0.5439991637797861,False,True,-0.4254719279372851
952,1.4062499999999984,0.115789473684177,0.0,0.0,0.0,False,0.0,0,0,0,1.0,-1.3386029055601432,0.0,0.0,0.5290025224575109,False,True,-0.4254719279372851
953,1.4062499999999984,0.115789473684177,0.0,0.0,0.0,False,0.0,0,0,0,1.0,-1.3386029055601432,0.0,0.0,0.643632651817258,False,True,-0.42423975898002
954,1.4062499999999984,0.115789473684177,0.0,0.0,0.0,False,0.0,1,0,0,1.2609349934800678,-1.3326857198843662,0.0,0.0,0.7030062465647872,False,True,-0.4229953360643945
955,1.5773195876288657,0.115789473684177,0.0,1.3000000000000025,60.0,True,-1.0,1,0,0,1.2609349934800678,-1.3326857198843662,0.0,0.0,0.6475286452255425,False,True,-0.4229953360643945
956,4.85567010309278,0.115789473684177,0.0,0.0,0.0,False,0.0,1,0,0,1.2609349934800678,-1.3326857198843662,0.0,0.0,0.5238093428246202,False,True,-0.4229953360643945
957,4.938144329896903,0.115789473684177,0.0,0.0,0.0,False,0.0,1,0,0,1.2609349934800678,-1.3276140449250364,0.0,0.0,0.5661845241257013,False,True,-0.4229953360643945
958,5.051546391752575,0.115789473684177,0.0,0.0,0.0,False,0.0,0,0,0,1.0,-1.3276140449250364,0.0,0.0,0.6359656895945904,False,True,-0.4229953360643945
959,4.979381443298966,0.115789473684177,0.0,0.0,0.0,False,0.0,0,0,0,1.0,-1.3276140449250364,0.0,0.0,0.7168683363467862,False,True,-0.4229953360643945
960,4.979381443298966,0.115789473684177,0.0,0.0,0.0,False,0.0,0,0,0,1.0,-1.3276140449250364,0.0,0.0,0.7746559411692482,False,True,-0.4130470632423194
961,4.979381443298966,0.115789473684177,0.0,0.0,0.0,False,0.0,1,0,0,1.2609349934800678,-1.2945287963580692,0.0,0.0,0.9094936857549928,False,True,-0.4022793698974734
962,4.979591836734695,0.115789473684177,0.0,0.0,0.0,False,0.0,1,0,0,1.2609349934800678,-1.2945287963580692,0.0,0.0,0.9056411787668288,False,True,-0.4022793698974734
963,5.010204081632655,0.115789473684177,0.0,0.0,0.0,False,0.0,1,0,0,1.2609349934800678,-1.2945287963580692,0.0,0.0,0.8478535739443667,False,True,-0.4022793698974734
964,4.979591836734695,0.115789473684177,0.0,0.0,0.0,False,0.0,0,0,0,1.0,-1.1400446897313057,1.0,1.0,0.8863786438256226,False,True,-0.5634475602173794
965,5.030612244897961,0.115789473684177,0.0,0.0,0.0,False,0.0,1,0,0,1.2609349934800678,-1.1400446897313057,0.0,0.0,0.9480187556362488,False,True,-0.5634475602173794
966,5.020408163265304,0.115789473684177,0.0,0.0,0.0,False,0.0,1,0,0,1.2609349934800678,-1.1400446897313057,0.0,0.0,0.870968615872966,False,True,-0.5634475602173794
967,5.020408163265304,0.115789473684177,0.0,0.0,0.0,False,0.0,1,0,0,1.2609349934800678,-1.1400446897313057,0.0,0.0,1.0250688953995313,False,True,-0.5625322299017138
968,5.020408163265304,0.115789473684177,0.0,0.0,0.0,False,0.0,1,0,0,1.2609349934800678,-1.1449517087690126,0.0,0.0,1.4488446640968156,False,True,-0.5616016852846957
969,4.979797979797983,0.115789473684177,0.0,0.0,0.0,False,0.0,1,0,0,1.2609349934800678,-1.1449517087690126,0.0,0.0,1.1021190351620436,False,True,-0.5616016852846957
970,4.989898989898989,0.115789473684177,0.0,0.0,0.0,False,0.0,1,1,0,1.4,-1.1449517087690126,0.0,0.0,0.9672812905762987,False,True,-0.5616016852846957
971,4.94,0.115789473684177,0.0,0.0,0.0,False,0.0,0,1,0,1.4,0.6700955212719181,1.0,1.0,0.8902311508134013,False,True,-0.4785724446586288
972,4.859999999999999,0.115789473684177,0.0,0.0,0.0,False,0.0,0,1,0,1.4,0.6700955212719181,0.0,0.0,1.1599066399845053,False,True,-0.4785724446586288
973,4.871287128712872,0.115789473684177,0.0,0.0,0.0,False,0.0,0,0,0,1.0,0.6700955212719181,0.0,0.0,1.179169174925326,False,True,-0.4785724446586288
974,4.871287128712872,0.115789473684177,0.0,0.0,0.0,False,0.0,0,0,0,1.0,0.6700955212719181,0.0,0.0,1.3140069195110708,False,True,-0.4799200164048319
975,4.871287128712872,0.115789473684177,0.0,0.0,0.0,False,0.0,0,0,0,1.0,0.6745,0.0,0.0,1.42958212915561,False,True,-0.4727827220348027
976,4.910891089108911,0.115789473684177,0.0,0.0,0.0,False,0.0,0,0,0,1.0,0.6745,0.0,0.0,1.1984317098657618,False,True,-0.4727827220348027
977,4.930693069306932,0.115789473684177,0.0,0.0,0.0,False,0.0,0,0,0,1.0,0.6745,0.0,0.0,0.9672812905759138,False,True,-0.4727827220348027
978,4.8811881188118775,0.115789473684177,0.0,0.0,0.0,False,0.0,0,0,0,1.0,0.6745,1.0,1.0,0.7746559411680926,False,True,-0.954791729856374
979,4.930693069306928,0.115789473684177,0.0,0.0,0.0,False,0.0,0,0,0,1.0,0.6745,0.0,0.0,0.813181011049734,False,True,-0.954791729856374
980,4.843137254901958,0.115789473684177,0.0,0.0,0.0,False,0.0,0,0,0,1.0,0.6745,0.0,0.0,0.7168683363456305,False,True,-0.954791729856374
981,4.843137254901958,0.115789473684177,0.0,0.0,0.0,False,0.0,0,0,0,1.0,0.6745,0.0,0.0,0.7939184761089132,False,True,-0.979747858873589
982,4.843137254901958,0.115789473684177,0.0,0.0,0.0,False,0.0,0,0,0,1.0,0.6745,0.0,0.0,0.8709686158718105,False,True,-0.8606633899776084
983,4.87254901960784,0.0294117647058554,1.0,2.234473133286809,20.0,False,-1.0,0,0,0,1.0,0.6745,0.0,0.0,0.7939184761085278,False,True,-0.8606633899776084
984,4.931372549019605,0.0294117647058554,1.0,0.0,0.0,False,0.0,0,0,0,1.0,0.6745,0.0,0.0,0.6205556616415269,False,True,-0.8606633899776084
985,4.911764705882351,-0.3676470588235278,1.0,0.0,0.0,False,0.0,1,0,0,1.2609349934800678,0.6745,0.0,0.0,0.6262949626547696,False,True,2.8051116447942466
986,5.067961165048546,-0.3676470588235278,0.0,0.0,0.0,False,0.0,1,0,0,1.2609349934800678,0.6745,0.0,0.0,0.6498775074108158,False,True,2.798735198114635
987,5.271844660194178,-0.3676470588235278,0.0,0.0,0.0,False,0.0,1,0,0,1.2609349934800678,0.6745,0.0,0.0,0.6150043026872156,False,True,2.798735198114635
988,5.271844660194178,-0.3676470588235278,0.0,0.0,0.0,False,0.0,1,0,0,1.2609349934800678,0.6745,0.0,0.0,0.6452652568186988,False,True,2.798735198114635
989,5.271844660194178,-0.3676470588235278,0.0,0.0,0.0,False,0.0,0,0,0,1.0,0.6745,0.0,0.0,0.6613108836874674,False,True,2.798735198114635
990,5.553398058252425,-0.3676470588235278,0.0,0.0,0.0,False,0.0,0,0,0,1.0,0.6745,0.0,0.0,0.6327730419576447,False,True,2.798735198114635
991,5.407766990291261,-0.3676470588235278,0.0,0.0,0.0,False,0.0,1,0,0,1.2609349934800678,0.6745,0.0,0.0,0.5485911027854649,False,True,2.798735198114635
992,5.300970873786405,-0.3676470588235278,0.0,0.0,0.0,False,0.0,1,0,0,1.2609349934800678,1.1420635289363337,1.0,1.0,0.4964054205709339,False,True,1.4515929106580872
993,5.310679611650483,-0.3676470588235278,0.0,0.0,0.0,False,0.0,1,0,0,1.2609349934800678,1.1420635289363337,0.0,0.0,0.5355707928279813,False,True,1.4515929106580872
994,5.310679611650483,-0.3676470588235278,0.0,0.0,0.0,False,0.0,0,0,0,1.0,1.1420635289363337,0.0,0.0,0.5396566742009438,False,True,1.4515929106580872
995,5.310679611650483,-0.3676470588235278,0.0,0.0,0.0,False,0.0,0,0,0,1.0,1.1420635289363337,0.0,0.0,0.5840605368580603,False,True,1.4515929106580872
996,5.310679611650483,-0.3676470588235278,0.0,0.0,0.0,False,0.0,1,0,0,1.2609349934800678,1.1420635289363337,0.0,0.0,0.8398338403627704,False,True,1.4515929106580872
997,5.201923076923081,-0.3676470588235278,0.0,0.0,0.0,False,0.0,1,0,0,1.2609349934800678,1.1420635289363337,0.0,0.0,0.8189505968029445,False,True,1.4515929106580872
998,5.201923076923077,-0.3676470588235278,0.0,0.0,0.0,False,0.0,1,0,0,1.2609349934800678,1.1420635289363337,0.0,0.0,0.7730074609713272,False,True,1.4515929106580872
999,5.278846153846154,-0.3676470588235278,0.0,0.0,0.0,False,0.0,1,0,0,1.2609349934800678,1.149673916343779,1.0,1.0,1.0236063836892393,False,True,-0.932070878593493
1000,5.142857142857149,-0.3676470588235278,0.0,0.0,0.0,False,0.0,1,1,1,1.4,1.149673916343779,0.0,0.0,0.7521242174119187,False,True,-0.9319878854451374
1001,5.190476190476195,-0.3105263157894785,0.0,0.0,0.0,False,0.0,1,1,1,1.4,1.149673916343779,0.0,0.0,0.7187110277157795,False,True,-0.9319878854451374
1002,5.190476190476195,-0.3105263157894785,0.0,0.0,0.0,False,0.0,0,1,1,1.4,1.149673916343779,0.0,0.0,0.7744992198565058,False,True,-0.9319878854451374
1003,5.190476190476195,-0.3105263157894785,0.0,0.0,0.0,False,0.0,0,0,0,1.0,1.149673916343779,0.0,0.0,1.0708212525591616,False,True,-0.8496247067830153
1004,5.247619047619053,-0.3105263157894785,0.0,0.0,0.0,False,0.0,0,0,0,1.0,1.149673916343779,0.0,0.0,0.8665271839600986,False,True,-0.8496247067830153
1005,5.199999999999996,-0.3105263157894785,0.0,0.0,0.0,False,0.0,0,0,0,1.0,1.149673916343779,0.0,0.0,0.6622331153610352,False,True,-0.8496247067830153
1006,5.190476190476186,-0.3105263157894785,0.0,0.0,0.0,False,0.0,0,0,0,1.0,1.093662161322492,1.0,1.0,0.6916997924675333,False,True,-0.4062753553265221
1007,5.1886792452830255,-0.3105263157894785,0.0,0.0,0.0,False,0.0,0,0,0,1.0,1.093662161322492,0.0,0.0,0.6835614161244543,False,True,-0.4062753553265221
1008,5.14150943396227,-0.3105263157894785,0.0,0.0,0.0,False,0.0,0,0,0,1.0,1.093662161322492,0.0,0.0,0.6222731955438906,False,True,-0.4062753553265221
1009,5.14150943396227,-0.3105263157894785,0.0,0.0,0.0,False,0.0,0,0,0,1.0,1.093662161322492,0.0,0.0,0.6835614161236211,False,True,-0.4050202360983028
1010,5.14150943396227,-0.3105263157894785,0.0,0.0,0.0,False,0.0,0,0,0,1.0,1.093662161322492,0.0,0.0,0.8418966900857542,False,True,-0.4031941152194307
1011,5.616822429906541,-0.3105263157894785,1.0,0.7012448132780177,20.0,False,-1.0,0,0,0,1.0,1.093662161322492,0.0,0.0,0.7390741647301807,False,True,-0.4031941152194307
1012,5.6822429906542045,-0.3105263157894785,1.0,0.0,0.0,False,0.0,0,0,0,1.0,1.093662161322492,0.0,0.0,0.495822167544589,False,True,-0.4031941152194307
1013,5.336448598130839,-0.0736842105263205,1.0,0.0,0.0,False,0.0,0,0,0,1.0,1.150611481004318,1.0,1.0,0.3539251691863272,False,True,0.1352933192196568
1014,5.626168224299064,-0.0736842105263205,0.0,0.0,0.0,False,0.0,1,0,0,1.2609349934800678,1.150611481004318,0.0,0.0,0.4350091682477855,False,True,0.1352933192196568
1015,5.766355140186914,-0.0736842105263205,0.0,0.0,0.0,False,0.0,1,0,0,1.2609349934800678,1.150611481004318,0.0,0.0,0.3944671687168535,False,True,0.1352933192196568
1016,5.766355140186914,-0.0736842105263205,0.0,0.0,0.0,False,0.0,1,0,0,1.2609349934800678,1.150611481004318,0.0,0.0,0.5160931673096494,False,True,0.1352933192196568
1017,5.766355140186914,-0.0736842105263205,0.0,0.0,0.0,False,0.0,1,0,0,1.2609349934800678,1.150611481004318,0.0,0.0,0.5769061666056418,False,True,0.1352933192196568
1018,5.749999999999999,-0.0736842105263205,0.0,0.0,0.0,False,0.0,1,0,0,1.2609349934800678,1.150611481004318,0.0,0.0,0.5373007464773681,False,True,0.1352933192196568
1019,5.731481481481481,-0.0736842105263205,0.0,0.0,0.0,False,0.0,1,0,0,1.2609349934800678,1.150611481004318,0.0,0.0,0.4179791269439728,False,True,0.1352933192196568
1020,5.759259259259258,-0.0736842105263205,0.0,0.0,0.0,False,0.0,0,0,0,1.0,-0.4020220028199844,1.0,1.0,0.3934638387127956,False,True,-0.7960172043651809
1021,5.731481481481481,-0.0736842105263205,0.0,0.0,0.0,False,0.0,1,0,0,1.2609349934800678,-0.4020220028199844,0.0,0.0,0.4547520592926372,False,True,-0.7960172043651809
1022,5.703703703703703,-0.0736842105263205,0.0,0.0,0.0,False,0.0,1,0,0,1.2609349934800678,-0.4020220028199844,0.0,0.0,0.481472046322727,False,True,-0.7960172043651809
1023,5.703703703703703,-0.0736842105263205,0.0,0.0,0.0,False,0.0,1,0,0,1.2609349934800678,-0.4020220028199844,0.0,0.0,0.5089459218436362,False,True,-0.7719758067780094
1024,5.703703703703703,-0.0736842105263205,0.0,0.0,0.0,False,0.0,0,0,0,1.0,-0.4020220028199844,0.0,0.0,0.5275040496836829,False,True,-0.7709327399031504
1025,5.623853211009174,-0.0736842105263205,0.0,0.0,0.0,False,0.0,0,0,0,1.0,-0.4020220028199844,0.0,0.0,0.507918193496536,False,True,-0.7709327399031504
1026,5.623853211009174,-0.0736842105263205,0.0,0.0,0.0,False,0.0,1,0,0,1.2609349934800678,-0.4020220028199844,0.0,0.0,0.4618574035079378,False,True,-0.7709327399031504
1027,5.403669724770642,-0.0736842105263205,0.0,0.0,0.0,False,0.0,1,0,0,1.2609349934800678,-0.4020220028199844,1.0,1.0,0.3822978571623621,False,True,-0.3450708880571097
1028,5.229357798165133,-0.0736842105263205,0.0,0.0,0.0,False,0.0,1,0,0,1.2609349934800678,-0.4020220028199844,0.0,0.0,0.3027383108167861,False,True,-0.3450708880571097
1029,5.220183486238528,-0.0736842105263205,0.0,0.0,0.0,False,0.0,0,0,0,1.0,-0.4020220028199844,0.0,0.0,0.1980546972041862,False,False,-0.3450708880571097
1030,5.220183486238528,-0.0736842105263205,0.0,0.0,0.0,False,0.0,0,0,0,1.0,-0.4020220028199844,0.0,0.0,0.6167891516541675,False,True,-0.3450708880571097
1031,5.220183486238528,-0.0736842105263205,0.0,0.0,0.0,False,0.0,1,1,0,1.4,-0.4006739130483623,0.0,0.0,0.9015285806804392,False,True,-0.3451775721023463
1032,7.128440366972471,-0.0736842105263205,0.0,0.0,0.0,False,0.0,1,1,0,1.4,-0.4006739130483623,0.0,0.0,0.214804075381784,False,True,-0.3451775721023463
1033,6.899082568807335,-0.0736842105263205,0.0,0.0,0.0,False,0.0,1,1,0,1.4,-0.4006739130483623,0.0,0.0,0.0,False,False,-0.3451775721023463
1034,6.772727272727274,-0.0736842105263205,0.0,0.0,0.0,False,0.0,0,0,0,1.0,1.9085794458930003,1.0,1.0,0.054367434729319,False,False,-0.3363899046910152
1035,6.663636363636366,-0.0736842105263205,0.0,0.0,0.0,False,0.0,0,0,0,1.0,1.9085794458930003,0.0,0.0,0.0894929796746747,False,False,-0.3363899046910152
1036,6.590909090909087,-0.0736842105263205,0.0,0.0,0.0,False,0.0,0,0,0,1.0,1.9085794458930003,0.0,0.0,0.2149562905886173,False,True,-0.3363899046910152
1037,6.590909090909087,-0.0736842105263205,0.0,0.0,0.0,False,0.0,0,0,0,1.0,1.9085794458930003,0.0,0.0,0.4649628481377146,False,True,-0.3176321247919433
1038,6.590909090909087,-0.0736842105263205,0.0,0.0,0.0,False,0.0,0,0,0,1.0,1.9085794458930003,0.0,0.0,0.7786211254238248,False,True,-0.2953819801153681
1039,6.590909090909087,-0.0736842105263205,0.0,0.0,0.0,False,0.0,0,0,0,1.0,1.9085794458930003,0.0,0.0,0.7786211254233422,False,True,-0.2953819801153681
1040,6.4864864864864895,-0.0736842105263205,0.0,0.0,0.0,False,0.0,0,0,0,1.0,1.9085794458930003,0.0,0.0,0.7158894699659913,False,True,-0.2953819801153681
1041,6.549549549549552,-0.0736842105263205,0.0,0.0,0.0,False,0.0,0,0,0,1.0,-0.5438559456524237,1.0,1.0,0.6937861802698219,False,True,-0.5101391812372966
1042,6.693693693693697,-0.0736842105263205,0.0,0.0,0.0,False,0.0,0,0,0,1.0,-0.5438559456524237,0.0,0.0,0.9217537928682604,False,True,-0.5101391812372966
1043,6.891891891891896,-0.0736842105263205,0.0,0.0,0.0,False,0.0,0,0,0,1.0,-0.5438559456524237,0.0,0.0,1.089034508774236,False,True,-0.5101391812372966
1044,6.891891891891896,-0.0736842105263205,0.0,0.0,0.0,False,0.0,0,0,0,1.0,-0.5438559456524237,0.0,0.0,1.18689749986435,False,True,-0.5110246007892953
1045,6.891891891891896,-0.0736842105263205,0.0,0.0,0.0,False,0.0,0,0,0,1.0,-0.5438559456524237,0.0,0.0,1.2749041913944117,False,True,-0.5078039414062858
1046,7.045045045045043,-0.0736842105263205,1.0,0.8541521284019468,20.0203,True,-1.0,0,0,0,1.0,-0.5438559456524237,0.0,0.0,1.198132555734605,False,True,-0.5078039414062858
1047,7.15315315315315,-0.0736842105263205,1.0,0.0,0.0,False,0.0,1,0,0,1.2609349934800678,-0.5438559456524237,0.0,0.0,1.0311288290308338,False,True,-0.5078039414062858
1048,6.98198198198198,-0.4433646466165651,1.0,0.0,0.0,False,0.0,1,0,0,1.2609349934800678,0.7096139857700451,1.0,1.0,0.9644104097855803,False,True,-0.3637110245836963
1049,7.234234234234232,-0.4433646466165651,0.0,0.0,0.0,False,0.0,1,0,0,1.2609349934800678,0.7096139857700451,0.0,0.0,1.0265216902506538,False,True,-0.3637110245836963
1050,7.187500000000004,-0.4433646466165651,0.0,0.0,0.0,False,0.0,0,0,0,1.0,0.7096139857700451,0.0,0.0,1.031328098636204,False,True,-0.3637110245836963
1051,7.187500000000004,-0.4433646466165651,0.0,0.0,0.0,False,0.0,0,0,0,1.0,0.7096139857700451,0.0,0.0,1.0673165897657473,False,True,-0.3630202617198133
1052,7.187500000000004,-0.4433646466165651,0.0,0.0,0.0,False,0.0,1,0,0,1.2609349934800678,0.7096139857700451,0.0,0.0,1.1047874981023094,False,True,-0.3630202617198133
1053,7.178571428571432,-0.4433646466165651,0.0,0.0,0.0,False,0.0,1,0,0,1.2609349934800678,0.7096139857700451,0.0,0.0,1.0574282599050615,False,True,-0.3630202617198133
1054,7.232142857142856,-0.4433646466165651,0.0,0.0,0.0,False,0.0,1,0,0,1.2609349934800678,0.7096139857700451,0.0,0.0,0.881638688438081,False,True,-0.3630202617198133
1055,7.247787610619463,-0.4433646466165651,0.0,0.0,0.0,False,0.0,0,0,0,1.0,-0.6695583938342728,1.0,1.0,0.8401463458586791,False,True,-0.3291343566852893
1056,7.115044247787605,-0.4433646466165651,0.0,0.0,0.0,False,0.0,0,0,0,1.0,-0.6695583938342728,0.0,0.0,0.6818019219972369,False,True,-0.3291343566852893
1057,7.265486725663711,-0.4433646466165651,0.0,0.0,0.0,False,0.0,0,0,0,1.0,-0.6695583938342728,0.0,0.0,0.7824510879729161,False,True,-0.3291343566852893
1058,7.265486725663711,-0.4433646466165651,0.0,0.0,0.0,False,0.0,0,0,0,1.0,-0.6695583938342728,0.0,0.0,0.9075872337368824,False,True,-0.3291343566852893
1059,7.265486725663711,-0.4433646466165651,0.0,0.0,0.0,False,0.0,1,0,0,1.2609349934800678,-0.664825807505484,0.0,0.0,1.125043575319985,False,True,-0.3318339481981054
1060,7.1842105263157965,-0.4433646466165651,0.0,0.0,0.0,False,0.0,1,0,0,1.2609349934800678,-0.664825807505484,0.0,0.0,1.1343274349267294,False,True,-0.3318339481981054
1061,7.210526315789469,-0.4433646466165651,0.0,0.0,0.0,False,0.0,1,1,0,1.4,-0.664825807505484,0.0,0.0,1.1388536176502897,False,True,-0.3318339481981054
1062,7.08771929824561,-0.4433646466165651,0.0,0.0,0.0,False,0.0,1,1,0,1.4,2.1092732099881744,1.0,1.0,1.9256300899179395,False,True,-0.5425016331688388
1063,6.895652173913041,-0.4433646466165651,0.0,0.0,0.0,False,0.0,1,1,0,1.4,2.1092732099881744,0.0,0.0,2.1611658946455683,False,True,-0.5425016331688388
1064,6.886956521739128,-0.4433646466165651,0.0,0.0,0.0,False,0.0,1,0,0,1.2609349934800678,2.1092732099881744,0.0,0.0,2.342073174440069,False,True,-0.5425016331688388
1065,6.886956521739128,-0.4433646466165651,0.0,0.0,0.0,False,0.0,1,0,0,1.2609349934800678,2.1092732099881744,0.0,0.0,2.5329974363441097,False,True,-0.5630556250140923
1066,6.886956521739128,-0.4433646466165651,0.0,0.0,0.0,False,0.0,0,0,0,1.0,2.1092732099881744,0.0,0.0,2.6645252643248347,False,True,-0.5852284251356068
1067,6.782608695652171,-0.4433646466165651,0.0,0.0,0.0,False,0.0,0,0,0,1.0,2.1092732099881744,0.0,0.0,2.6495640359372903,True,True,-0.5852284251356068
1068,6.713043478260866,-0.4433646466165651,0.0,0.0,0.0,False,0.0,0,0,0,1.0,2.1092732099881744,0.0,0.0,2.6405689029375283,True,True,-0.5852284251356068
1069,6.525862068965517,-0.4433646466165651,0.0,0.0,0.0,False,0.0,0,0,0,1.0,-0.3388888246331294,1.0,1.0,2.6419872086478664,True,True,-0.6384497616466157
1070,6.499999999999998,-0.4480812917933328,0.0,0.0,0.0,False,0.0,0,0,0,1.0,-0.3388888246331294,0.0,0.0,2.714527105890979,True,True,-0.6384497616466157
1071,6.418803418803419,-0.4480812917933328,0.0,0.0,0.0,False,0.0,0,0,0,1.0,-0.3388888246331294,0.0,0.0,2.850464027257296,True,True,-0.6384497616466157
1072,6.418803418803419,-0.4480812917933328,0.0,0.0,0.0,False,0.0,0,0,0,1.0,-0.3388888246331294,0.0,0.0,2.8658607123045563,True,True,-0.6491548948176263
1073,6.418803418803419,-0.4480812917933328,0.0,0.0,0.0,False,0.0,0,0,0,1.0,-0.3388888246331294,0.0,0.0,2.945678483855394,True,True,-0.6602251442190614
1074,6.837606837606833,-0.4480812917933328,1.0,0.7042253521126888,20.0,False,-1.0,0,0,0,1.0,-0.3388888246331294,0.0,0.0,3.0271249477654174,True,True,-0.6602251442190614
1075,6.796610169491527,-0.4480812917933328,1.0,0.0,0.0,False,0.0,0,0,0,1.0,-0.3388888246331294,0.0,0.0,3.055173292086394,True,True,-0.6602251442190614
1076,6.932203389830505,0.6164133738601514,1.0,0.0,0.0,False,0.0,1,0,0,1.2609349934800678,0.768645172683707,0.0,0.0,3.068050496844745,True,True,4.127749416497114
1077,7.127118644067793,0.6164133738601514,0.0,0.0,0.0,False,0.0,1,0,0,1.2609349934800678,0.768645172683707,0.0,0.0,2.971562421243317,True,True,4.115774814297321
1078,7.415254237288131,0.6164133738601514,0.0,0.0,0.0,False,0.0,1,0,0,1.2609349934800678,0.768645172683707,0.0,0.0,2.974095722002569,True,True,4.115774814297321
1079,7.415254237288131,0.6164133738601514,0.0,0.0,0.0,False,0.0,1,0,0,1.2609349934800678,0.768645172683707,0.0,0.0,3.053081947276949,True,True,4.115774814297321
1080,7.415254237288131,0.6164133738601514,0.0,0.0,0.0,False,0.0,0,0,0,1.0,0.768645172683707,0.0,0.0,3.086743727237376,True,True,4.115774814297321
1081,7.336134453781516,0.6164133738601514,0.0,0.0,0.0,False,0.0,0,0,0,1.0,0.768645172683707,0.0,0.0,2.6528850725700672,True,True,4.115774814297321
1082,7.1596638655462215,0.6164133738601514,0.0,0.0,0.0,False,0.0,1,0,0,1.2609349934800678,0.768645172683707,0.0,0.0,1.628123433500852,True,True,4.115774814297321
1083,7.184873949579834,0.6164133738601514,0.0,0.0,0.0,False,0.0,1,0,0,1.2609349934800678,-0.4425153805348509,0.0,0.0,1.4594081809277746,True,True,6.324763508530365
1084,7.025210084033611,0.6164133738601514,0.0,0.0,0.0,False,0.0,1,0,0,1.2609349934800678,-0.4425153805348509,0.0,0.0,1.4081170225254311,True,True,6.081204540703326
1085,6.933333333333333,0.6164133738601514,0.0,0.0,0.0,False,0.0,0,0,0,1.0,-0.4425153805348509,0.0,0.0,1.4104133737869222,True,True,6.081204540703326
1086,6.933333333333333,0.6164133738601514,0.0,0.0,0.0,False,0.0,0,0,0,1.0,-0.4425153805348509,0.0,0.0,1.6607795578666746,True,True,6.081204540703326
1087,6.933333333333333,0.6164133738601514,0.0,0.0,0.0,False,0.0,1,0,0,1.2609349934800678,-0.4456335172872026,0.0,0.0,1.668812533909105,True,True,6.081204540703326
1088,6.876033057851245,0.6164133738601514,0.0,0.0,0.0,False,0.0,1,0,0,1.2609349934800678,-0.4456335172872026,0.0,0.0,1.386895605509027,True,True,6.081204540703326
1089,6.77868852459017,0.6164133738601514,0.0,0.0,0.0,False,0.0,1,0,0,1.2609349934800678,-0.4456335172872026,0.0,0.0,1.1057937200543122,True,True,6.081204540703326
1090,6.7786885245901605,0.6164133738601514,0.0,0.0,0.0,False,0.0,1,0,0,1.2609349934800678,-0.4456335172872026,0.0,0.0,0.880826687440271,True,True,6.081204540703326
1091,6.79508196721311,0.6164133738601514,0.0,0.0,0.0,False,0.0,1,0,0,1.2609349934800678,-0.4456335172872026,0.0,0.0,0.7987791618688141,True,True,6.081204540703326
1092,6.79508196721311,0.6164133738601514,0.0,0.0,0.0,False,0.0,1,1,1,1.4,-0.4456335172872026,0.0,0.0,0.2385620088014317,True,False,6.081204540703326
1093,6.79508196721311,0.6164133738601514,0.0,0.0,0.0,False,0.0,0,1,1,1.4,-0.4456335172872026,0.0,0.0,0.2318573079241449,True,False,6.081204540703326
1094,6.79508196721311,0.6164133738601514,0.0,0.0,0.0,False,0.0,0,1,1,1.4,-0.4489224691649773,0.0,0.0,0.2178458536846602,True,False,6.081204540703326
1095,6.79508196721311,0.6164133738601514,0.0,0.0,0.0,False,0.0,0,0,0,1.0,-0.4489224691649773,0.0,0.0,0.2082335276257474,True,False,6.081204540703326
1096,6.79508196721311,0.6164133738601514,0.0,0.0,0.0,False,0.0,0,0,0,1.0,-0.4489224691649773,0.0,0.0,0.201480041522401,True,False,6.081204540703326
1097,6.79508196721311,0.6164133738601514,0.0,0.0,0.0,False,0.0,0,0,0,1.0,-0.4489224691649773,0.0,0.0,0.1983231344322467,True,False,6.081204540703326
1098,6.79508196721311,0.6164133738601514,0.0,0.0,0.0,False,0.0,0,0,0,1.0,-0.4489224691649773,0.0,0.0,0.1974977994113167,False,False,6.081204540703326
1099,6.79508196721311,0.6164133738601514,0.0,0.0,0.0,False,0.0,0,0,0,1.0,-0.4489224691649773,0.0,0.0,0.1999447798443039,False,False,6.081204540703326
1100,6.79508196721311,0.6164133738601514,0.0,0.0,0.0,False,0.0,0,0,0,1.0,-0.4489224691649773,0.0,0.0,0.1966970828280925,False,False,6.081204540703326
1101,6.79508196721311,0.6164133738601514,0.0,0.0,0.0,False,0.0,0,0,0,1.0,-0.4791168240132792,0.0,0.0,0.1672885384914922,False,False,6.081204540703326
1102,6.79508196721311,0.6164133738601514,0.0,0.0,0.0,False,0.0,1,0,0,1.2609349934800678,-0.4791168240132792,0.0,0.0,0.1673972137950769,False,False,6.081204540703326
1103,7.057377049180324,0.6164133738601514,0.0,0.0,0.0,False,0.0,1,0,0,1.2609349934800678,-0.4791168240132792,0.0,0.0,0.0,False,False,6.081204540703326
1104,6.796747967479672,0.6164133738601514,0.0,0.0,0.0,False,0.0,1,0,0,1.2609349934800678,-0.4791168240132792,0.0,0.0,0.0,False,False,6.081204540703326
1105,6.68292682926829,0.6164133738601514,0.0,0.0,0.0,False,0.0,0,0,0,1.0,-0.4791168240132792,0.0,0.0,0.0,False,False,6.081204540703326
1106,6.642276422764225,0.4994285714285524,0.0,0.0,0.0,False,0.0,0,0,0,1.0,-0.4791168240132792,0.0,0.0,0.0,False,False,6.081204540703326
1107,6.642276422764225,0.4994285714285524,0.0,0.0,0.0,False,0.0,0,0,0,1.0,-0.4791168240132792,0.0,0.0,0.0,False,False,6.081204540703326
1108,6.642276422764225,0.4994285714285524,0.0,0.0,0.0,False,0.0,1,0,0,1.2609349934800678,-0.4791168240132792,0.0,0.0,0.0,False,False,6.081204540703326
1109,6.806451612903224,0.4994285714285524,1.0,0.0,0.0,False,0.0,1,0,0,1.2609349934800678,-0.4791168240132792,0.0,0.0,0.0,False,False,6.081204540703326
1110,6.809523809523806,0.4994285714285524,1.0,0.0,0.0,False,0.0,1,0,0,1.2609349934800678,-0.4791168240132792,0.0,0.0,0.0,False,False,6.081204540703326
1111,6.77952755905512,-0.2900000000000091,1.0,0.0,0.0,False,0.0,0,0,0,1.0,-0.4102199231559577,1.0,1.0,0.0,False,False,-0.4091607768302117
1112,6.803149606299214,-0.2900000000000091,0.0,0.0,0.0,False,0.0,0,0,0,1.0,-0.4102199231559577,0.0,0.0,0.4173231399116583,False,True,-0.4091607768302117
1113,6.944881889763782,-0.2900000000000091,0.0,0.0,0.0,False,0.0,0,0,0,1.0,-0.4102199231559577,0.0,0.0,0.6355861324682347,False,True,-0.4091607768302117
1114,6.944881889763782,-0.2900000000000091,0.0,0.0,0.0,False,0.0,0,0,0,1.0,-0.4102199231559577,0.0,0.0,0.9023880984005588,False,True,-0.4152036185578537
1115,6.944881889763782,-0.2900000000000091,0.0,0.0,0.0,False,0.0,1,0,0,1.2609349934800678,-0.4102199231559577,0.0,0.0,0.9795208248019084,False,True,-0.3994994111114349
1116,6.968503937007876,-0.2900000000000091,0.0,0.0,0.0,False,0.0,1,0,0,1.2609349934800678,-0.4102199231559577,0.0,0.0,0.8410808373178754,False,True,-0.3994994111114349
1117,7.086614173228344,-0.2900000000000091,0.0,0.0,0.0,False,0.0,1,0,0,1.2609349934800678,-0.4102199231559577,0.0,0.0,0.6349770212592583,False,True,-0.3994994111114349
1118,7.086614173228344,-0.2900000000000091,0.0,0.0,0.0,False,0.0,1,0,0,1.2609349934800678,-0.5254994971924469,1.0,1.0,0.6902982463191969,False,True,-0.4671757520836725
1119,7.046875000000004,-0.2900000000000091,0.0,0.0,0.0,False,0.0,1,0,0,1.2609349934800678,-0.5254994971924469,0.0,0.0,0.8705349077595446,False,True,-0.4671757520836725
1120,6.843750000000004,-0.2900000000000091,0.0,0.0,0.0,False,0.0,1,0,0,1.2609349934800678,-0.5254994971924469,0.0,0.0,0.7054257399070454,False,True,-0.4671757520836725
1121,6.843750000000004,-0.2900000000000091,0.0,0.0,0.0,False,0.0,0,0,0,1.0,-0.5254994971924469,0.0,0.0,0.7730422047525204,False,True,-0.4669990142694919
1122,6.843750000000004,-0.2900000000000091,0.0,0.0,0.0,False,0.0,1,0,0,1.2609349934800678,-0.5426732074078136,0.0,0.0,1.3227614475909026,False,True,-0.4669990142694919
1123,7.046874999999998,-0.2900000000000091,0.0,0.0,0.0,False,0.0,1,1,0,1.4,-0.5426732074078136,0.0,0.0,0.955756136911066,False,True,-0.4669990142694919
1124,6.946153846153853,-0.2900000000000091,0.0,0.0,0.0,False,0.0,1,1,0,1.4,-0.5426732074078136,0.0,0.0,0.8754726214103531,False,True,-0.4669990142694919
1125,6.938461538461544,-0.2900000000000091,0.0,0.0,0.0,False,0.0,1,1,0,1.4,-0.4631579976313809,1.0,1.0,0.6457290252392001,False,True,0.0113775412926464
1126,6.7480916030534415,-0.2900000000000091,0.0,0.0,0.0,False,0.0,1,0,0,1.2609349934800678,-0.4631579976313809,0.0,0.0,0.5372337242590676,False,True,-0.0024963639153374
1127,6.862595419847335,-0.2900000000000091,0.0,0.0,0.0,False,0.0,0,0,0,1.0,-0.4631579976313809,0.0,0.0,0.0760080977236309,False,False,-0.0024963639153374
1128,6.862595419847335,-0.2900000000000091,0.0,0.0,0.0,False,0.0,0,0,0,1.0,-0.4631579976313809,0.0,0.0,0.0697689328380998,False,False,-0.0024963639153374
1129,6.862595419847335,-0.2900000000000091,0.0,0.0,0.0,False,0.0,1,0,0,1.2609349934800678,-0.4658611370978738,0.0,0.0,0.0699268123438888,False,False,-0.0025222131014342
1130,6.885496183206113,-0.2900000000000091,0.0,0.0,0.0,False,0.0,1,0,0,1.2609349934800678,-0.4658611370978738,0.0,0.0,0.0,False,False,-0.0025222131014342
1131,6.885496183206113,-0.2900000000000091,0.0,0.0,0.0,False,0.0,1,0,0,1.2609349934800678,-0.4658611370978738,0.0,0.0,0.0,False,False,-0.0025222131014342
1132,6.651851851851854,-0.2900000000000091,0.0,0.0,0.0,False,0.0,0,0,0,1.0,1.718519794628402,1.0,1.0,0.0,False,False,-0.3814231449942833
1133,6.585185185185186,-0.2900000000000091,0.0,0.0,0.0,False,0.0,0,0,0,1.0,1.718519794628402,0.0,0.0,0.3630123767338737,True,True,-0.3814231449942833
1134,6.637037037037033,-0.2900000000000091,0.0,0.0,0.0,False,0.0,0,0,0,1.0,1.718519794628402,0.0,0.0,0.4644528176400196,True,True,-0.3814231449942833
1135,6.637037037037033,-0.2900000000000091,0.0,0.0,0.0,False,0.0,0,0,0,1.0,1.718519794628402,0.0,0.0,0.8275380836776707,True,True,-0.3831109276516058
1136,6.637037037037033,-0.2900000000000091,0.0,0.0,0.0,False,0.0,0,0,0,1.0,1.718519794628402,0.0,0.0,1.4212851073289163,True,True,-0.3831109276516058
1137,6.58394160583942,-0.2900000000000091,1.0,0.0,0.0,False,0.0,0,0,0,1.0,1.718519794628402,0.0,0.0,1.4199743520674044,True,True,-0.3831109276516058
1138,6.467153284671536,-0.2900000000000091,1.0,0.0,0.0,False,0.0,0,0,0,1.0,1.718519794628402,0.0,0.0,1.4229875765615605,True,True,-0.3831109276516058
1139,6.430656934306568,0.2989999999999781,1.0,0.0,0.0,False,0.0,1,0,0,1.2609349934800678,-0.3704489412707279,1.0,1.0,1.518130916407198,True,True,-0.127783604988867
1140,6.355072463768112,0.2989999999999781,0.0,0.0,0.0,False,0.0,1,0,0,1.2609349934800678,-0.3704489412707279,0.0,0.0,1.588470308444577,True,True,-0.127783604988867
1141,6.347826086956518,0.2989999999999781,0.0,0.0,0.0,False,0.0,1,0,0,1.2609349934800678,-0.3704489412707279,0.0,0.0,1.5846958263284063,True,True,-0.127783604988867
1142,6.347826086956518,0.2989999999999781,0.0,0.0,0.0,False,0.0,0,0,0,1.0,-0.3704489412707279,0.0,0.0,1.6752215192815705,True,True,-0.127783604988867
1143,6.347826086956518,0.2989999999999781,0.0,0.0,0.0,False,0.0,0,0,0,1.0,-0.3647284392551523,0.0,0.0,1.6705275448148464,True,True,-0.127783604988867
1144,6.257142857142855,0.2989999999999781,0.0,0.0,0.0,False,0.0,1,0,0,1.2609349934800678,-0.3647284392551523,0.0,0.0,1.6702738292313053,True,True,-0.127783604988867
1145,6.2642857142857125,0.2989999999999781,0.0,0.0,0.0,False,0.0,1,0,0,1.2609349934800678,-0.3647284392551523,0.0,0.0,1.664712969290085,True,True,-0.127783604988867
1146,6.176056338028169,0.2989999999999781,0.0,0.0,0.0,False,0.0,1,0,0,1.2609349934800678,1.810835995944804,1.0,1.0,1.7876287468220322,True,True,-0.2555030628337512
1147,6.176056338028165,0.2989999999999781,0.0,0.0,0.0,False,0.0,0,0,0,1.0,1.810835995944804,0.0,0.0,1.9558019817017325,True,True,-0.2555030628337512
1148,6.176056338028165,0.2989999999999781,0.0,0.0,0.0,False,0.0,0,0,0,1.0,1.810835995944804,0.0,0.0,2.1712981698690745,False,True,-0.2555030628337512
1149,6.176056338028165,0.2989999999999781,0.0,0.0,0.0,False,0.0,0,0,0,1.0,1.810835995944804,0.0,0.0,2.225677857095905,False,True,-0.2555030628337512
1150,6.176056338028165,0.2989999999999781,0.0,0.0,0.0,False,0.0,1,0,0,1.2609349934800678,1.810835995944804,0.0,0.0,2.5603341541913185,False,True,-0.2555030628337512
1151,6.125874125874123,0.2989999999999781,0.0,0.0,0.0,False,0.0,1,0,0,1.2609349934800678,1.810835995944804,0.0,0.0,2.4239992701396345,True,True,-0.2555030628337512
1152,6.062500000000003,0.2989999999999781,0.0,0.0,0.0,False,0.0,1,1,0,1.4,1.810835995944804,0.0,0.0,2.285360093093687,True,True,-0.2555030628337512
1153,6.055555555555557,0.2989999999999781,0.0,0.0,0.0,False,0.0,1,1,0,1.4,-0.8659723538737887,1.0,1.0,1.9126630822305943,True,True,-0.3897271789729719
1154,6.09027777777778,0.2989999999999781,0.0,0.0,0.0,False,0.0,1,1,0,1.4,-0.8659723538737887,0.0,0.0,1.5523993670503766,True,True,-0.3897271789729719
1155,5.787671232876716,0.2989999999999781,0.0,0.0,0.0,False,0.0,1,0,0,1.2609349934800678,-0.8659723538737887,0.0,0.0,1.3386047380407522,True,True,-0.3897271789729719
1156,5.787671232876716,0.2989999999999781,0.0,0.0,0.0,False,0.0,1,0,0,1.2609349934800678,-0.8659723538737887,0.0,0.0,1.4423725471905584,True,True,-0.3897271789729719
1157,5.787671232876716,0.2989999999999781,0.0,0.0,0.0,False,0.0,1,0,0,1.2609349934800678,-0.8659723538737887,0.0,0.0,1.883385736079441,True,True,-0.3903875224924442
1158,5.76190476190476,0.2989999999999781,0.0,0.0,0.0,False,0.0,1,0,0,1.2609349934800678,-0.8659723538737887,0.0,0.0,0.8093889113735743,False,True,-0.3903875224924442
1159,5.64189189189189,0.2989999999999781,0.0,0.0,0.0,False,0.0,1,0,0,1.2609349934800678,-0.8659723538737887,0.0,0.0,0.2282891801317527,False,False,-0.3903875224924442
1160,5.6756756756756745,0.2989999999999781,0.0,0.0,0.0,False,0.0,1,0,0,1.2609349934800678,1.9635579904139355,1.0,1.0,0.0,False,False,0.0087299211405842
1161,5.858108108108106,0.2989999999999781,0.0,0.0,0.0,False,0.0,1,0,0,1.2609349934800678,1.9635579904139355,0.0,0.0,0.0,False,False,0.0087299211405842
1162,5.858108108108106,0.2989999999999781,0.0,0.0,0.0,False,0.0,1,0,0,1.2609349934800678,1.9635579904139355,0.0,0.0,0.0,False,False,0.0087299211405842
1163,5.858108108108106,0.2989999999999781,0.0,0.0,0.0,False,0.0,0,0,0,1.0,1.9635579904139355,0.0,0.0,0.0,False,False,0.0088006245432724
1164,5.858108108108106,0.2989999999999781,0.0,0.0,0.0,False,0.0,0,0,0,1.0,1.9635579904139355,0.0,0.0,0.0,False,False,0.0088724825470581
1165,5.966442953020134,0.2954773869346546,1.0,0.0,0.0,False,0.0,0,0,0,1.0,1.9635579904139355,0.0,0.0,0.0,False,False,0.0088724825470581
1166,6.040268456375838,0.2954773869346546,1.0,0.0,0.0,False,0.0,0,0,0,1.0,1.9635579904139355,0.0,0.0,0.0,False,False,0.0088724825470581
1167,5.833333333333333,0.2780748663101777,1.0,0.0,0.0,False,0.0,0,0,0,1.0,-0.2857609923400361,0.0,0.0,0.0,False,False,30.470608900777577
1168,5.826666666666667,0.2780748663101777,0.0,0.0,0.0,False,0.0,1,0,0,1.2609349934800678,-0.2857609923400361,0.0,0.0,0.0,False,False,30.35165481757201
1169,5.781456953642385,0.2780748663101777,0.0,0.0,0.0,False,0.0,1,0,0,1.2609349934800678,-0.2857609923400361,0.0,0.0,0.0,False,False,30.35165481757201
1170,5.781456953642385,0.2780748663101777,0.0,0.0,0.0,False,0.0,1,0,0,1.2609349934800678,-0.2857609923400361,0.0,0.0,0.0,False,False,30.35165481757201
1171,5.781456953642385,0.2780748663101777,0.0,0.0,0.0,False,0.0,0,0,0,1.0,-0.2857609923400361,0.0,0.0,0.0,False,False,30.35165481757201
1172,5.723684210526318,0.2780748663101777,0.0,0.0,0.0,False,0.0,0,0,0,1.0,-0.2857609923400361,0.0,0.0,0.0,False,False,30.35165481757201
1173,5.580645161290322,0.2780748663101777,0.0,0.0,0.0,False,0.0,1,0,0,1.2609349934800678,-0.2857609923400361,0.0,0.0,0.0,False,False,30.35165481757201
1174,5.433962264150944,0.2780748663101777,0.0,0.0,0.0,False,0.0,1,0,0,1.2609349934800678,2.3666483201672337,1.0,1.0,0.0,False,False,0.2761350603626958
1175,5.300000000000002,0.2780748663101777,0.0,0.0,0.0,False,0.0,1,0,0,1.2609349934800678,2.3666483201672337,0.0,0.0,0.0,False,False,0.2761350603626958
1176,5.1428571428571415,0.2780748663101777,0.0,0.0,0.0,False,0.0,0,0,0,1.0,2.3666483201672337,0.0,0.0,0.0,False,False,0.2761350603626958
1177,5.1428571428571415,0.2780748663101777,0.0,0.0,0.0,False,0.0,0,0,0,1.0,2.3666483201672337,0.0,0.0,0.0,False,False,0.2841108783878742
1178,5.1428571428571415,0.2780748663101777,0.0,0.0,0.0,False,0.0,1,0,0,1.2609349934800678,2.3666483201672337,0.0,0.0,0.0,False,False,0.292561143406684
1179,5.03680981595092,0.2780748663101777,0.0,0.0,0.0,False,0.0,1,0,0,1.2609349934800678,2.3666483201672337,0.0,0.0,0.0,False,False,0.292561143406684
1180,5.128048780487806,0.2780748663101777,0.0,0.0,0.0,False,0.0,1,0,0,1.2609349934800678,2.3666483201672337,0.0,0.0,0.0,False,False,0.292561143406684
1181,4.9156626506024095,0.2780748663101777,0.0,0.0,0.0,False,0.0,1,0,0,1.2609349934800678,-0.397197345534414,1.0,1.0,0.0,False,False,0.7383051987493512
1182,5.018072289156626,0.2780748663101777,0.0,0.0,0.0,False,0.0,1,0,0,1.2609349934800678,-0.397197345534414,0.0,0.0,0.0,False,False,0.7383051987493512
1183,5.355421686746988,0.2780748663101777,0.0,0.0,0.0,False,0.0,1,1,1,1.4,-0.397197345534414,0.0,0.0,0.0,False,False,0.7383051987493512
1184,5.355421686746988,0.2780748663101777,0.0,0.0,0.0,False,0.0,1,1,1,1.4,-0.397197345534414,0.0,0.0,0.0,False,False,0.7383051987493512
1185,5.355421686746988,0.2780748663101777,0.0,0.0,0.0,False,0.0,1,1,1,1.4,-0.3564838108740708,0.0,0.0,0.0,False,False,0.7383051987493512
1186,5.107784431137725,0.2780748663101777,0.0,0.0,0.0,False,0.0,1,0,0,1.2609349934800678,-0.3564838108740708,0.0,0.0,0.0,False,False,0.7383051987493512
1187,4.958579881656803,0.2780748663101777,0.0,0.0,0.0,False,0.0,1,0,0,1.2609349934800678,-0.3564838108740708,0.0,0.0,0.0,False,False,0.7383051987493512
1188,5.08284023668639,0.2780748663101777,0.0,0.0,0.0,False,0.0,1,0,0,1.2609349934800678,-0.572827475504504,1.0,1.0,0.0,False,False,0.0071096985974764
1189,5.065088757396448,0.2780748663101777,0.0,0.0,0.0,False,0.0,1,0,0,1.2609349934800678,-0.572827475504504,0.0,0.0,0.0,False,False,0.0071096985974764
1190,5.06470588235294,0.2780748663101777,0.0,0.0,0.0,False,0.0,1,0,0,1.2609349934800678,-0.572827475504504,0.0,0.0,0.0,False,False,0.0071096985974764
1191,5.06470588235294,0.2780748663101777,0.0,0.0,0.0,False,0.0,1,0,0,1.2609349934800678,-0.572827475504504,0.0,0.0,0.0,False,False,0.0071096985974764
1192,5.06470588235294,0.2780748663101777,0.0,0.0,0.0,False,0.0,0,0,0,1.0,-0.5662140154824767,0.0,0.0,0.0,False,False,0.0071096985974764
1193,5.147058823529411,0.2447916666667126,1.0,0.0,0.0,False,0.0,0,0,0,1.0,-0.5662140154824767,0.0,0.0,0.0,False,False,0.0071096985974764
1194,5.098837209302326,0.2447916666667126,1.0,0.0,0.0,False,0.0,0,0,0,1.0,-0.5662140154824767,0.0,0.0,0.0,False,False,0.0071096985974764
1195,4.895953757225434,0.3125000000000577,1.0,0.0,0.0,False,0.0,0,0,0,1.0,-0.3784683303804161,1.0,1.0,0.0,False,False,1.0110582747972408
1196,4.913294797687863,0.3125000000000577,0.0,0.0,0.0,False,0.0,1,0,0,1.2609349934800678,-0.3784683303804161,0.0,0.0,0.0,False,False,1.0062507521947732
1197,4.908571428571426,0.3125000000000577,0.0,0.0,0.0,False,0.0,1,0,0,1.2609349934800678,-0.3784683303804161,0.0,0.0,0.0,False,False,1.0062507521947732
1198,4.908571428571426,0.3125000000000577,0.0,0.0,0.0,False,0.0,1,0,0,1.2609349934800678,-0.3784683303804161,0.0,0.0,0.0,False,False,1.0062507521947732
1199,4.908571428571426,0.3125000000000577,0.0,0.0,0.0,False,0.0,1,0,0,1.2609349934800678,-0.3729005024882971,0.0,0.0,0.0,False,False,1.0062507521947732
1200,4.891428571428568,0.3125000000000577,0.0,0.0,0.0,False,0.0,1,0,0,1.2609349934800678,-0.3729005024882971,0.0,0.0,0.0,False,False,1.0062507521947732
1201,4.908571428571428,0.3125000000000577,0.0,0.0,0.0,False,0.0,1,0,0,1.2609349934800678,-0.3729005024882971,0.0,0.0,0.0,False,False,1.0062507521947732
1202,4.814606741573034,0.3468208092486129,0.0,0.0,0.0,False,0.0,0,0,0,1.0,-0.3452361428194079,1.0,1.0,0.0,False,False,2.6851573898922214
1203,4.782122905027936,0.3468208092486129,0.0,0.0,0.0,False,0.0,1,0,0,1.2609349934800678,-0.3452361428194079,0.0,0.0,0.0,False,False,2.6851573898922214
1204,4.77653631284916,0.3468208092486129,0.0,0.0,0.0,False,0.0,1,0,0,1.2609349934800678,-0.3452361428194079,0.0,0.0,0.0,False,False,2.6851573898922214
1205,4.77653631284916,0.3468208092486129,0.0,0.0,0.0,False,0.0,1,0,0,1.2609349934800678,-0.3452361428194079,0.0,0.0,0.0,False,False,2.6851573898922214
1206,4.77653631284916,0.3468208092486129,0.0,0.0,0.0,False,0.0,1,0,0,1.2609349934800678,-0.3452361428194079,0.0,0.0,0.0,False,False,2.6851573898922214
1207,4.7016574585635365,0.3468208092486129,0.0,0.0,0.0,False,0.0,1,0,0,1.2609349934800678,-0.3452361428194079,0.0,0.0,0.0,False,False,2.6851573898922214
1208,4.72375690607735,0.3468208092486129,0.0,0.0,0.0,False,0.0,1,0,0,1.2609349934800678,-0.3452361428194079,0.0,0.0,0.0,False,False,2.6851573898922214
1209,4.651933701657457,0.3468208092486129,0.0,0.0,0.0,False,0.0,1,0,0,1.2609349934800678,-0.5851138329445289,1.0,1.0,0.0,False,False,1.9874694221465443
1210,4.640883977900553,0.3468208092486129,0.0,0.0,0.0,False,0.0,1,0,0,1.2609349934800678,-0.5851138329445289,0.0,0.0,0.0,False,False,1.9874694221465443
1211,4.675824175824174,0.3468208092486129,0.0,0.0,0.0,False,0.0,1,0,0,1.2609349934800678,-0.5851138329445289,0.0,0.0,0.0,False,False,1.9874694221465443
1212,4.701086956521738,0.3468208092486129,0.0,0.0,0.0,False,0.0,0,0,0,1.0,-0.5851138329445289,0.0,0.0,0.0,False,False,1.9874694221465443
1213,4.701086956521738,0.3468208092486129,0.0,0.0,0.0,False,0.0,0,1,0,1.4,-0.5649398525917232,0.0,0.0,0.0,False,False,1.9874694221465443
1214,4.701086956521738,0.3468208092486129,0.0,0.0,0.0,False,0.0,0,1,0,1.4,-0.5649398525917232,0.0,0.0,0.0,False,False,1.9874694221465443
1215,4.701086956521738,0.3468208092486129,0.0,0.0,0.0,False,0.0,0,1,0,1.4,-0.5649398525917232,0.0,0.0,0.0,False,False,1.9874694221465443
1216,4.701086956521738,0.3468208092486129,0.0,0.0,0.0,False,0.0,1,0,0,1.2609349934800678,-0.5649398525917232,0.0,0.0,0.0,False,False,1.9874694221465443
1217,4.605405405405406,0.3468208092486129,0.0,0.0,0.0,False,0.0,1,0,0,1.2609349934800678,-0.5649398525917232,0.0,0.0,0.0,False,False,1.9874694221465443
1218,4.724324324324324,0.3468208092486129,0.0,0.0,0.0,False,0.0,1,0,0,1.2609349934800678,-0.5649398525917232,0.0,0.0,0.0,False,False,1.9874694221465443
1219,4.724324324324324,0.3468208092486129,0.0,0.0,0.0,False,0.0,1,0,0,1.2609349934800678,-0.5649398525917232,0.0,0.0,0.0,False,False,1.9874694221465443
1220,4.724324324324324,0.3468208092486129,0.0,0.0,0.0,False,0.0,1,0,0,1.2609349934800678,-0.3323715684194416,0.0,0.0,0.0,False,False,1.9874694221465443
1221,4.848648648648649,0.3468208092486129,1.0,0.0,0.0,False,0.0,1,0,0,1.2609349934800678,-0.3323715684194416,0.0,0.0,0.0,False,False,1.9874694221465443
1222,4.795698924731185,0.3468208092486129,1.0,0.0,0.0,False,0.0,1,0,0,1.2609349934800678,-0.3323715684194416,0.0,0.0,0.0,False,False,1.9874694221465443
1223,4.70053475935829,-0.4335260115606479,1.0,0.0,0.0,False,0.0,0,0,0,1.0,-0.1374330301313906,1.0,1.0,0.0,True,False,0.7295232573105979
1224,4.70053475935829,-0.4335260115606479,1.0,0.0,0.0,False,0.0,0,0,0,1.0,-0.1374330301313906,0.0,0.0,0.0,False,False,0.7295232573105979
1225,4.70053475935829,-0.4335260115606479,1.0,0.0,0.0,False,0.0,0,0,0,1.0,-0.1374330301313906,0.0,0.0,0.0,True,False,0.7295232573105979
1226,4.70053475935829,-0.4335260115606479,1.0,0.0,0.0,False,0.0,0,0,0,1.0,-0.1374330301313906,0.0,0.0,0.0,True,False,0.7295232573105979
1227,4.70053475935829,-0.4335260115606479,1.0,0.0,0.0,False,0.0,0,0,0,1.0,-0.0804162923135114,0.0,0.0,0.0,True,False,0.7295232573105979
1228,4.807486631016044,-0.4335260115606479,0.0,0.0,0.0,False,0.0,0,0,0,1.0,-0.0804162923135114,0.0,0.0,0.0,True,False,0.7295232573105979
1229,4.72340425531915,-0.4335260115606479,0.0,0.0,0.0,False,0.0,1,0,0,1.2609349934800678,-0.0804162923135114,0.0,0.0,0.0,True,False,0.7295232573105979
1230,4.664893617021274,-0.4335260115606479,0.0,0.0,0.0,False,0.0,1,0,0,1.2609349934800678,-0.0804162923135114,1.0,1.0,0.0,True,False,-0.9097334492253786
1231,4.587301587301586,-0.4335260115606479,0.0,0.0,0.0,False,0.0,1,0,0,1.2609349934800678,-0.0804162923135114,0.0,0.0,0.0,True,False,-0.9097334492253786
1232,4.53157894736842,-0.4335260115606479,0.0,0.0,0.0,False,0.0,0,0,0,1.0,-0.0804162923135114,0.0,0.0,0.0,True,False,-0.9097334492253786
1233,4.53157894736842,-0.4335260115606479,0.0,0.0,0.0,False,0.0,0,0,0,1.0,-0.0804162923135114,0.0,0.0,0.0,True,False,-0.9104062974287964
1234,4.53157894736842,-0.4335260115606479,0.0,0.0,0.0,False,0.0,1,0,0,1.2609349934800678,-0.0804162923135114,0.0,0.0,0.0,True,False,-0.91108300582615
1235,4.53157894736842,-0.4335260115606479,0.0,0.0,0.0,False,0.0,1,0,0,1.2609349934800678,-0.0804162923135114,0.0,0.0,0.0,True,False,-0.91108300582615
1236,4.53157894736842,-0.4335260115606479,0.0,0.0,0.0,False,0.0,1,0,0,1.2609349934800678,-0.0804162923135114,0.0,0.0,0.0,True,False,-0.91108300582615
1237,4.479166666666667,-0.4335260115606479,0.0,0.0,0.0,False,0.0,0,0,0,1.0,0.0237743990448982,1.0,1.0,0.0,True,False,-0.9803752381010424
1238,4.455958549222799,-0.4335260115606479,0.0,0.0,0.0,False,0.0,0,0,0,1.0,0.0237743990448982,0.0,0.0,0.0,True,False,-0.9803752381010424
1239,4.45077720207254,-0.4335260115606479,0.0,0.0,0.0,False,0.0,0,0,0,1.0,0.0237743990448982,0.0,0.0,0.0,True,False,-0.9803752381010424
1240,4.45077720207254,-0.4335260115606479,0.0,0.0,0.0,False,0.0,0,0,0,1.0,0.0237743990448982,0.0,0.0,0.0,True,False,-0.9816180055575656
1241,4.45077720207254,-0.4335260115606479,0.0,0.0,0.0,False,0.0,1,0,0,1.2609349934800678,0.0237743990448982,0.0,0.0,0.0,True,False,-0.9828709129111768
1242,4.430051813471503,-0.4360465116278702,0.0,0.0,0.0,False,0.0,1,0,0,1.2609349934800678,0.0237743990448982,0.0,0.0,0.0,True,False,-0.9828709129111768
1243,4.45360824742268,-0.4360465116278702,0.0,0.0,0.0,False,0.0,1,0,0,1.2609349934800678,0.0237743990448982,0.0,0.0,0.0,True,False,-0.9828709129111768
1244,4.387755102040816,-0.4360465116278702,0.0,0.0,0.0,False,0.0,1,1,0,1.4,0.0237743990448982,0.0,0.0,0.0,True,False,-0.9828709129111768
1245,4.433673469387755,-0.4360465116278702,0.0,0.0,0.0,False,0.0,0,1,0,1.4,0.0237743990448982,0.0,0.0,0.0,True,False,-0.9828709129111768
1246,4.530612244897959,-0.4360465116278702,0.0,0.0,0.0,False,0.0,0,1,0,1.4,0.0237743990448982,0.0,0.0,0.0,True,False,-0.9828709129111768
1247,4.530612244897959,-0.4360465116278702,0.0,0.0,0.0,False,0.0,0,0,0,1.0,0.0237743990448982,0.0,0.0,0.0,True,False,-0.9899033553629588
1248,4.530612244897959,-0.4360465116278702,0.0,0.0,0.0,False,0.0,1,0,0,1.2609349934800678,0.0237743990448982,0.0,0.0,0.0,True,False,-0.9972640350077036
1249,4.421319796954314,-0.4360465116278702,1.0,0.0,0.0,False,0.0,1,0,0,1.2609349934800678,0.0237743990448982,0.0,0.0,0.0,False,False,-0.9972640350077036
1250,4.32828282828283,-0.4360465116278702,1.0,0.0,0.0,False,0.0,1,0,0,1.2609349934800678,0.0237743990448982,0.0,0.0,0.0,False,False,-0.9972640350077036
1251,4.414141414141415,7.575581395349128,1.0,0.0,0.0,False,0.0,1,0,0,1.2609349934800678,0.0,0.0,0.0,0.0,False,False,-0.9972640350077036
1252,4.447236180904524,7.575581395349128,0.0,0.0,0.0,False,0.0,1,0,0,1.2609349934800678,0.0,0.0,0.0,0.0,False,False,-0.9972640350077036
1253,4.365,7.575581395349128,0.0,0.0,0.0,False,0.0,0,0,0,1.0,0.0,0.0,0.0,0.0,False,False,-0.9972640350077036
1254,4.365,7.575581395349128,0.0,0.0,0.0,False,0.0,0,0,0,1.0,0.0,0.0,0.0,0.0,False,False,-1.0004219591792487
1255,4.365,7.575581395349128,0.0,0.0,0.0,False,0.0,0,0,0,1.0,0.0,0.0,0.0,0.0,False,False,-1.0036422881968532
1256,4.29,7.575581395349128,0.0,0.0,0.0,False,0.0,0,0,0,1.0,0.0,0.0,0.0,0.0,False,False,-1.0036422881968532
1257,4.165,7.575581395349128,0.0,0.0,0.0,False,0.0,0,0,0,1.0,0.0,0.0,0.0,0.0,False,False,-1.0036422881968532
1258,4.165,7.575581395349128,0.0,0.0,0.0,False,0.0,0,0,0,1.0,0.0,0.0,0.0,0.0,False,False,-1.0036422881968532
1259,4.173267326732674,7.575581395349128,0.0,0.0,0.0,False,0.0,0,0,0,1.0,0.0,0.0,0.0,0.0,False,False,-1.0036422881968532
1260,4.138613861386137,7.575581395349128,0.0,0.0,0.0,False,0.0,0,0,0,1.0,0.0,0.0,0.0,0.0,False,False,-1.0036422881968532
1261,4.138613861386137,7.575581395349128,0.0,0.0,0.0,False,0.0,0,0,0,1.0,0.0,0.0,0.0,0.0,False,False,-1.005280984767435
1262,4.138613861386137,7.575581395349128,0.0,0.0,0.0,False,0.0,1,0,0,1.2609349934800678,0.0,0.0,0.0,0.0,False,False,-0.9866607975389388
1263,4.098522167487684,7.575581395349128,0.0,0.0,0.0,False,0.0,1,0,0,1.2609349934800678,0.0,0.0,0.0,0.0,False,False,-0.9866607975389388
1264,4.034313725490196,7.575581395349128,0.0,0.0,0.0,False,0.0,1,0,0,1.2609349934800678,0.0,0.0,0.0,0.0,False,False,-0.9866607975389388
1265,3.927184466019418,7.53179190751458,0.0,0.0,0.0,False,0.0,1,0,0,1.2609349934800678,0.0,1.0,1.0,0.0,False,False,-0.2706257693778807
1266,3.88888888888889,7.53179190751458,0.0,0.0,0.0,False,0.0,1,0,0,1.2609349934800678,0.0,0.0,0.0,0.0,False,False,-0.2706257693778807
1267,3.864077669902913,7.53179190751458,0.0,0.0,0.0,False,0.0,1,0,0,1.2609349934800678,0.0,0.0,0.0,0.0,False,False,-0.2706257693778807
1268,3.864077669902913,7.53179190751458,0.0,0.0,0.0,False,0.0,0,0,0,1.0,0.0,0.0,0.0,0.0,False,False,-0.2270050855544884
1269,3.864077669902913,7.53179190751458,0.0,0.0,0.0,False,0.0,0,0,0,1.0,0.0,0.0,0.0,0.0,False,False,-0.1784640383639155
1270,3.8792270531400974,7.53179190751458,0.0,0.0,0.0,False,0.0,1,0,0,1.2609349934800678,0.0,0.0,0.0,0.0,False,False,-0.1784640383639155
1271,3.9330143540669855,7.53179190751458,0.0,0.0,0.0,False,0.0,1,0,0,1.2609349934800678,0.0,0.0,0.0,0.0,False,False,-0.1784640383639155
1272,3.957142857142857,7.53179190751458,0.0,0.0,0.0,False,0.0,1,0,0,1.2609349934800678,-0.278774745773015,1.0,1.0,0.0,False,False,0.7935430682525325
1273,3.8909952606635088,7.53179190751458,0.0,0.0,0.0,False,0.0,1,0,0,1.2609349934800678,-0.278774745773015,0.0,0.0,0.0,False,False,0.7935430682525325
1274,3.9433962264150937,7.53179190751458,0.0,0.0,0.0,False,0.0,1,1,1,1.4,-0.278774745773015,0.0,0.0,0.0,False,False,0.7935430682525325
1275,3.9433962264150937,7.53179190751458,0.0,0.0,0.0,False,0.0,1,1,1,1.4,-0.278774745773015,0.0,0.0,0.0,False,False,0.7935430682525325
1276,3.9433962264150937,7.53179190751458,0.0,0.0,0.0,False,0.0,1,1,1,1.4,-0.278774745773015,0.0,0.0,0.0,False,False,0.7935430682525325
1277,4.103286384976525,7.53179190751458,0.0,0.0,0.0,False,0.0,1,0,0,1.2609349934800678,-0.278774745773015,0.0,0.0,0.0,False,False,0.7935430682525325
1278,4.046296296296295,7.53179190751458,0.0,0.0,0.0,False,0.0,1,0,0,1.2609349934800678,-0.278774745773015,0.0,0.0,0.0,False,False,0.7935430682525325
1279,4.055045871559633,7.53179190751458,0.0,0.0,0.0,False,0.0,1,0,0,1.2609349934800678,-0.2424958110803307,1.0,1.0,0.0,False,False,-0.4056504703095959
1280,3.972602739726028,7.53179190751458,0.0,0.0,0.0,False,0.0,1,0,0,1.2609349934800678,-0.2424958110803307,0.0,0.0,0.0,False,False,-0.4056504703095959
1281,3.9545454545454537,7.53179190751458,0.0,0.0,0.0,False,0.0,1,0,0,1.2609349934800678,-0.2424958110803307,0.0,0.0,0.0,False,False,-0.4056504703095959
1282,3.9545454545454537,7.53179190751458,0.0,0.0,0.0,False,0.0,1,0,0,1.2609349934800678,-0.2424958110803307,0.0,0.0,0.0,False,False,-0.4104896110749719
1283,3.9545454545454537,7.53179190751458,0.0,0.0,0.0,False,0.0,0,0,0,1.0,-0.2424958110803307,0.0,0.0,0.0,False,False,-0.4089256771080447
1284,3.7681818181818176,7.53179190751458,1.0,0.0,0.0,False,0.0,0,0,0,1.0,-0.2424958110803307,0.0,0.0,0.0,False,False,-0.4089256771080447
1285,3.9181818181818175,6.273631840796043,1.0,0.0,0.0,False,0.0,0,0,0,1.0,-0.2424958110803307,0.0,0.0,0.0,False,False,-0.4089256771080447
1286,4.054298642533937,13.86567164179112,1.0,0.0,0.0,False,0.0,0,0,0,1.0,-0.1108095846395664,1.0,1.0,0.0,False,False,-0.3602522020832236
1287,4.121621621621623,13.86567164179112,0.0,0.0,0.0,False,0.0,0,0,0,1.0,-0.1108095846395664,0.0,0.0,0.0,False,False,-0.3602522020832236
1288,4.126126126126127,13.86567164179112,0.0,0.0,0.0,False,0.0,0,0,0,1.0,-0.1108095846395664,0.0,0.0,0.0,False,False,-0.3602522020832236
1289,4.126126126126127,13.86567164179112,0.0,0.0,0.0,False,0.0,0,0,0,1.0,-0.1108095846395664,0.0,0.0,0.0,False,False,-0.3615276263426972
1290,4.126126126126127,13.86567164179112,0.0,0.0,0.0,False,0.0,1,0,0,1.2609349934800678,-0.1108095846395664,0.0,0.0,0.0,False,False,-0.3669753178543253
1291,3.977578475336325,13.86567164179112,0.0,0.0,0.0,False,0.0,1,0,0,1.2609349934800678,-0.1108095846395664,0.0,0.0,0.0,False,False,-0.3669753178543253
1292,3.991111111111112,13.86567164179112,0.0,0.0,0.0,False,0.0,1,0,0,1.2609349934800678,-0.1108095846395664,0.0,0.0,0.0,False,False,-0.3669753178543253
1293,3.929203539823008,13.86567164179112,0.0,0.0,0.0,False,0.0,0,0,0,1.0,-0.1108095846395664,1.0,1.0,0.0,False,False,-0.3441885973705546
1294,3.876106194690264,13.86567164179112,0.0,0.0,0.0,False,0.0,1,0,0,1.2609349934800678,-0.1108095846395664,0.0,0.0,0.0,False,False,-0.3441885973705546
1295,3.754385964912282,13.86567164179112,0.0,0.0,0.0,False,0.0,1,0,0,1.2609349934800678,-0.1108095846395664,0.0,0.0,0.0,False,False,-0.3441885973705546
1296,3.754385964912282,13.86567164179112,0.0,0.0,0.0,False,0.0,1,0,0,1.2609349934800678,-0.1108095846395664,0.0,0.0,0.0,False,False,-0.3493958811168465
1297,3.754385964912282,13.86567164179112,0.0,0.0,0.0,False,0.0,1,0,0,1.2609349934800678,-0.1108095846395664,0.0,0.0,0.0,False,False,-0.3547631489267109
1298,3.62719298245614,13.86567164179112,0.0,0.0,0.0,False,0.0,1,0,0,1.2609349934800678,-0.1108095846395664,0.0,0.0,0.0,False,False,-0.3547631489267109
1299,3.545851528384279,13.86567164179112,0.0,0.0,0.0,False,0.0,1,0,0,1.2609349934800678,-0.1108095846395664,0.0,0.0,0.0,False,False,-0.3547631489267109
1300,3.435344827586206,13.86567164179112,0.0,0.0,0.0,False,0.0,1,0,0,1.2609349934800678,-0.1108095846395664,1.0,1.0,0.0,False,False,-0.3397824166420225
1301,3.456896551724137,13.86567164179112,0.0,0.0,0.0,False,0.0,1,0,0,1.2609349934800678,-0.1108095846395664,0.0,0.0,0.0,False,False,-0.3397824166420225
1302,3.5278969957081547,13.86567164179112,0.0,0.0,0.0,False,0.0,1,0,0,1.2609349934800678,-0.1108095846395664,0.0,0.0,0.0,False,False,-0.3397824166420225
1303,3.5278969957081547,13.86567164179112,0.0,0.0,0.0,False,0.0,0,0,0,1.0,-0.1108095846395664,0.0,0.0,0.0,False,False,-0.3329020887652548
1304,3.5278969957081547,13.86567164179112,0.0,0.0,0.0,False,0.0,1,0,0,1.2609349934800678,-0.1108095846395664,0.0,0.0,0.0,False,False,-0.3329020887652548
1305,4.21186440677966,13.86567164179112,0.0,0.0,0.0,False,0.0,1,1,0,1.4,-0.1108095846395664,0.0,0.0,0.0,False,False,-0.3329020887652548
1306,4.220338983050847,13.86567164179112,0.0,0.0,0.0,False,0.0,1,1,0,1.4,-0.1108095846395664,0.0,0.0,0.0,False,False,-0.3329020887652548
1307,4.19409282700422,13.86567164179112,0.0,0.0,0.0,False,0.0,0,1,0,1.4,-0.1108095846395664,1.0,1.0,0.0,False,False,0.9809190689569126
1308,4.1645569620253164,13.86567164179112,0.0,0.0,0.0,False,0.0,0,0,0,1.0,-0.1108095846395664,0.0,0.0,0.0,False,False,0.9000905101244213
1309,4.168776371308015,13.86567164179112,0.0,0.0,0.0,False,0.0,0,0,0,1.0,-0.1108095846395664,0.0,0.0,0.0,False,False,0.9000905101244213
1310,4.168776371308015,13.86567164179112,0.0,0.0,0.0,False,0.0,0,0,0,1.0,-0.1108095846395664,0.0,0.0,0.0,False,False,0.9000905101244213
1311,4.168776371308015,13.86567164179112,0.0,0.0,0.0,False,0.0,1,0,0,1.2609349934800678,-0.1108095846395664,0.0,0.0,0.0,False,False,0.9000905101244213
1312,4.07883817427386,13.86567164179112,0.0,0.0,0.0,False,0.0,1,0,0,1.2609349934800678,-0.1108095846395664,0.0,0.0,0.0,False,False,0.9000905101244213
1313,4.032921810699589,13.463768115941864,0.0,0.0,0.0,False,0.0,1,0,0,1.2609349934800678,-0.1108095846395664,0.0,0.0,0.0,False,False,0.9000905101244213
1314,4.028571428571429,13.463768115941864,0.0,0.0,0.0,False,0.0,0,0,0,1.0,-0.0559387941839696,1.0,1.0,0.0,False,False,0.0395211493292874
1315,4.016260162601626,13.463768115942138,0.0,0.0,0.0,False,0.0,0,0,0,1.0,-0.0559387941839696,0.0,0.0,0.0,False,False,0.0395211493292874
1316,4.008097165991903,13.463768115942138,0.0,0.0,0.0,False,0.0,0,0,0,1.0,-0.0559387941839696,0.0,0.0,0.0,False,False,0.0395211493292874
1317,4.008097165991903,13.463768115942138,0.0,0.0,0.0,False,0.0,0,0,0,1.0,-0.0559387941839696,0.0,0.0,0.0,False,False,0.0395211493292874
1318,4.008097165991903,13.463768115942138,0.0,0.0,0.0,False,0.0,0,0,0,1.0,-0.0559387941839696,0.0,0.0,0.0,False,False,0.0395211493292874
1319,4.24,13.463768115942138,1.0,0.0,0.0,False,0.0,0,0,0,1.0,-0.0559387941839696,0.0,0.0,0.0,False,False,0.0395211493292874
1320,4.300000000000001,13.463768115942138,1.0,0.0,0.0,False,0.0,0,0,0,1.0,-0.0559387941839696,0.0,0.0,0.0,False,False,0.0395211493292874
1321,4.103585657370518,7.560386473430018,1.0,0.0,0.0,False,0.0,1,0,0,1.2609349934800678,-0.3985019655310146,1.0,1.0,0.0,False,False,-0.9096210271632376
1322,4.111553784860559,7.560386473430018,0.0,0.0,0.0,False,0.0,1,0,0,1.2609349934800678,-0.3985019655310146,0.0,0.0,0.0,False,False,-0.8961411602087133
1323,4.087301587301588,7.560386473430018,0.0,0.0,0.0,False,0.0,1,0,0,1.2609349934800678,-0.3985019655310146,0.0,0.0,0.0,False,False,-0.8961411602087133
1324,4.087301587301588,7.560386473430018,0.0,0.0,0.0,False,0.0,0,0,0,1.0,-0.3985019655310146,0.0,0.0,0.0,False,False,-0.8961411602087133
1325,4.087301587301588,7.560386473430018,0.0,0.0,0.0,False,0.0,0,0,0,1.0,-0.3985019655310146,0.0,0.0,0.0,False,False,-0.8974044621701034
1326,4.047430830039527,7.560386473430018,0.0,0.0,0.0,False,0.0,1,0,0,1.2609349934800678,-0.3985019655310146,0.0,0.0,0.0,False,False,-0.8974044621701034
1327,4.023529411764706,7.560386473430018,0.0,0.0,0.0,False,0.0,1,0,0,1.2609349934800678,-0.3985019655310146,0.0,0.0,0.0,False,False,-0.8974044621701034
1328,4.043137254901961,7.560386473430018,0.0,0.0,0.0,False,0.0,1,0,0,1.2609349934800678,-0.1783574036282163,1.0,1.0,0.0,False,False,0.215289174162394
1329,4.136718749999999,7.560386473430018,0.0,0.0,0.0,False,0.0,0,0,0,1.0,-0.1783574036282163,0.0,0.0,0.0,False,False,0.215289174162394
1330,4.169884169884169,7.560386473430018,0.0,0.0,0.0,False,0.0,0,0,0,1.0,-0.1783574036282163,0.0,0.0,0.0,False,False,0.215289174162394
1331,4.169884169884169,7.560386473430018,0.0,0.0,0.0,False,0.0,0,0,0,1.0,-0.1783574036282163,0.0,0.0,0.0,False,False,0.215289174162394
1332,4.169884169884169,7.560386473430018,0.0,0.0,0.0,False,0.0,1,0,0,1.2609349934800678,-0.1783574036282163,0.0,0.0,0.0,False,False,0.215289174162394
1333,4.193050193050191,7.560386473430018,0.0,0.0,0.0,False,0.0,1,0,0,1.2609349934800678,-0.1783574036282163,0.0,0.0,0.0,False,False,0.215289174162394
1334,4.152671755725191,7.560386473430018,0.0,0.0,0.0,False,0.0,1,0,0,1.2609349934800678,-0.1783574036282163,0.0,0.0,0.0,False,False,0.215289174162394
1335,4.057251908396946,7.560386473430018,0.0,0.0,0.0,False,0.0,1,0,0,1.2609349934800678,-0.0700266810243762,1.0,1.0,0.0,False,False,0.0453326397506058
1336,4.229007633587785,7.560386473430018,0.0,0.0,0.0,False,0.0,1,1,0,1.4,-0.0700266810243762,0.0,0.0,0.0,False,False,0.0415844870566351
1337,4.414448669201521,7.560386473430018,0.0,0.0,0.0,False,0.0,0,1,0,1.4,-0.0700266810243762,0.0,0.0,0.0,False,False,0.0415844870566351
1338,4.414448669201521,7.560386473430018,0.0,0.0,0.0,False,0.0,0,1,0,1.4,-0.0700266810243762,0.0,0.0,0.0,False,False,0.0415844870566351
1339,4.414448669201521,7.560386473430018,0.0,0.0,0.0,False,0.0,1,0,0,1.2609349934800678,-0.0700266810243762,0.0,0.0,0.0,False,False,0.0415844870566351
1340,4.250000000000002,7.560386473430018,0.0,0.0,0.0,False,0.0,1,0,0,1.2609349934800678,-0.0700266810243762,0.0,0.0,0.0,False,False,0.0415844870566351
1341,4.116981132075472,7.560386473430018,0.0,0.0,0.0,False,0.0,1,0,0,1.2609349934800678,-0.0700266810243762,0.0,0.0,0.0,False,False,0.0415844870566351
1342,4.1235955056179785,7.560386473430018,0.0,0.0,0.0,False,0.0,1,0,0,1.2609349934800678,-0.0700266810243762,1.0,1.0,0.0,False,False,-0.2090799803815618
1343,4.118959107806693,7.560386473430018,0.0,0.0,0.0,False,0.0,1,0,0,1.2609349934800678,-0.0700266810243762,0.0,0.0,0.0,False,False,-0.2090799803815618
1344,3.956834532374101,7.560386473430018,0.0,0.0,0.0,False,0.0,1,0,0,1.2609349934800678,-0.0700266810243762,0.0,0.0,0.0,False,False,-0.2090799803815618
1345,3.956834532374101,7.560386473430018,0.0,0.0,0.0,False,0.0,0,0,0,1.0,-0.0700266810243762,0.0,0.0,0.0,False,False,-0.2090799803815618
1346,3.956834532374101,7.560386473430018,0.0,0.0,0.0,False,0.0,0,0,0,1.0,-0.0747051121306315,0.0,0.0,0.0,False,False,-0.2109011678467694
1347,3.678321678321679,7.382075471698018,1.0,0.0,0.0,False,0.0,0,0,0,1.0,-0.0747051121306315,0.0,0.0,0.0,False,False,-0.2109011678467694
1348,3.54355400696864,7.382075471698018,1.0,0.0,0.0,False,0.0,0,0,0,1.0,-0.0747051121306315,0.0,0.0,0.0,False,False,-0.2109011678467694
1349,3.749128919860626,1.4575471698112847,1.0,0.0,0.0,False,0.0,0,0,0,1.0,-0.3514528761519002,1.0,1.0,0.0,False,False,0.2274370830169545
1350,3.826388888888889,1.4575471698112847,0.0,0.0,0.0,False,0.0,0,0,0,1.0,-0.3514528761519002,0.0,0.0,0.0,False,False,0.2097909378730692
1351,3.830449826989618,1.4575471698112847,0.0,0.0,0.0,False,0.0,0,0,0,1.0,-0.3514528761519002,0.0,0.0,0.0,False,False,0.2097909378730692
1352,3.830449826989618,1.4575471698112847,0.0,0.0,0.0,False,0.0,0,0,0,1.0,-0.3514528761519002,0.0,0.0,0.0,False,False,0.213342894997957
1353,3.830449826989618,1.4575471698112847,0.0,0.0,0.0,False,0.0,1,0,0,1.2609349934800678,-0.3514528761519002,0.0,0.0,0.0,False,False,0.213342894997957
1354,4.027681660899653,1.4575471698112847,0.0,0.0,0.0,False,0.0,1,0,0,1.2609349934800678,-0.3514528761519002,0.0,0.0,0.0,False,False,0.213342894997957
1355,3.852739726027397,1.4575471698112847,0.0,0.0,0.0,False,0.0,1,0,0,1.2609349934800678,-0.3514528761519002,0.0,0.0,0.0,False,False,0.213342894997957
1356,3.791808873720136,1.4575471698112847,0.0,0.0,0.0,False,0.0,0,0,0,1.0,1.4040747673860146,1.0,1.0,0.0,False,False,0.0736439379885544
1357,3.752542372881356,1.4575471698112847,0.0,0.0,0.0,False,0.0,1,0,0,1.2609349934800678,1.4040747673860146,0.0,0.0,0.0,False,False,0.0674827470472999
1358,3.752542372881356,1.4575471698112847,0.0,0.0,0.0,False,0.0,1,0,0,1.2609349934800678,1.4040747673860146,0.0,0.0,0.0,False,False,0.0674827470472999
1359,3.752542372881356,1.4575471698112847,0.0,0.0,0.0,False,0.0,1,0,0,1.2609349934800678,1.4040747673860146,0.0,0.0,0.0,False,False,0.0674827470472999
1360,3.752542372881356,1.4575471698112847,0.0,0.0,0.0,False,0.0,0,0,0,1.0,1.4040747673860146,0.0,0.0,0.0,False,False,0.068670117375093
1361,3.7432432432432425,1.4575471698112847,0.0,0.0,0.0,False,0.0,0,0,0,1.0,1.4040747673860146,0.0,0.0,0.0,False,False,0.068670117375093
1362,3.7205387205387206,1.4575471698112847,0.0,0.0,0.0,False,0.0,1,0,0,1.2609349934800678,1.4040747673860146,0.0,0.0,0.0,False,False,0.068670117375093
1363,3.680134680134681,1.4575471698112847,0.0,0.0,0.0,False,0.0,1,0,0,1.2609349934800678,2.082037157281637,1.0,1.0,0.0,False,False,-0.1952783253672073
1364,3.686868686868688,1.4009216589861406,0.0,0.0,0.0,False,0.0,1,0,0,1.2609349934800678,2.082037157281637,0.0,0.0,0.0,False,False,-0.1952783253672073
1365,3.657718120805369,1.4009216589861406,0.0,0.0,0.0,False,0.0,0,0,0,1.0,2.082037157281637,0.0,0.0,0.0,False,False,-0.1952783253672073
1366,3.657718120805369,1.4009216589861406,0.0,0.0,0.0,False,0.0,0,1,1,1.4,2.082037157281637,0.0,0.0,0.0,False,False,-0.1927329515553995
1367,3.657718120805369,1.4009216589861406,0.0,0.0,0.0,False,0.0,1,1,1,1.4,2.082037157281637,0.0,0.0,0.0,False,False,-0.1871094619880951
1368,3.6845637583892623,1.4009216589861406,0.0,0.0,0.0,False,0.0,1,1,1,1.4,2.082037157281637,0.0,0.0,0.0,False,False,-0.1871094619880951
1369,3.607973421926909,1.4009216589861406,0.0,0.0,0.0,False,0.0,1,0,0,1.2609349934800678,2.082037157281637,0.0,0.0,0.0,False,False,-0.1871094619880951
1370,3.6245847176079726,1.4009216589861406,0.0,0.0,0.0,False,0.0,1,0,0,1.2609349934800678,-4.553930750336576,1.0,1.0,0.0,False,False,-0.4330749095046188
1371,3.589403973509933,1.4009216589861406,0.0,0.0,0.0,False,0.0,1,0,0,1.2609349934800678,-4.553930750336576,0.0,0.0,0.0,False,False,-0.4330749095046188
1372,3.5592105263157894,1.4009216589861406,0.0,0.0,0.0,False,0.0,1,0,0,1.2609349934800678,-4.553930750336576,0.0,0.0,0.0,False,False,-0.4330749095046188
1373,3.5592105263157894,1.4009216589861406,0.0,0.0,0.0,False,0.0,0,0,0,1.0,-4.553930750336576,0.0,0.0,0.0,False,False,-0.4454887338279114
1374,3.5592105263157894,1.4009216589861406,0.0,0.0,0.0,False,0.0,1,0,0,1.2609349934800678,-4.553930750336576,0.0,0.0,0.0,False,False,-0.459698714669048
1375,3.5526315789473686,1.3881278538812565,1.0,0.0,0.0,False,0.0,1,0,0,1.2609349934800678,-4.553930750336576,0.0,0.0,0.0,True,False,-0.459698714669048
1376,3.718032786885246,1.3881278538812565,1.0,0.0,0.0,False,0.0,1,0,0,1.2609349934800678,-4.553930750336576,0.0,0.0,0.0,True,False,-0.459698714669048
1377,3.615635179153093,1.803652968036522,1.0,0.0,0.0,False,0.0,0,0,0,1.0,-4.553930750336576,1.0,1.0,0.0,True,False,0.9391246931761126
1378,3.603225806451612,1.803652968036522,0.0,0.0,0.0,False,0.0,0,0,0,1.0,-4.553930750336576,0.0,0.0,0.0,True,False,0.9391246931761126
1379,3.5787781350482315,1.803652968036522,0.0,0.0,0.0,False,0.0,0,0,0,1.0,-4.553930750336576,0.0,0.0,0.0,True,False,0.9391246931761126
1380,3.5787781350482315,1.803652968036522,0.0,0.0,0.0,False,0.0,0,0,0,1.0,-4.553930750336576,0.0,0.0,0.0,True,False,0.9391246931761126
1381,3.5787781350482315,1.803652968036522,0.0,0.0,0.0,False,0.0,0,0,0,1.0,-4.553930750336576,0.0,0.0,0.0,True,False,0.9391246931761126
1382,3.5755627009646296,1.803652968036522,0.0,0.0,0.0,False,0.0,1,0,0,1.2609349934800678,-4.553930750336576,0.0,0.0,0.0,True,False,0.9391246931761126
1383,3.5755627009646296,1.803652968036522,0.0,0.0,0.0,False,0.0,1,0,0,1.2609349934800678,-4.553930750336576,0.0,0.0,0.0,True,False,0.9391246931761126
1384,3.546623794212218,1.803652968036522,0.0,0.0,0.0,False,0.0,1,0,0,1.2609349934800678,0.2384233383274713,1.0,1.0,0.0,True,False,-1.0600655784226614
1385,3.610223642172525,1.803652968036522,0.0,0.0,0.0,False,0.0,1,0,0,1.2609349934800678,0.2384233383274713,0.0,0.0,0.0,True,False,-1.0600655784226614
1386,3.594249201277955,1.803652968036522,0.0,0.0,0.0,False,0.0,1,0,0,1.2609349934800678,0.2384233383274713,0.0,0.0,0.0,True,False,-1.0600655784226614
1387,3.594249201277955,1.803652968036522,0.0,0.0,0.0,False,0.0,1,0,0,1.2609349934800678,0.2384233383274713,0.0,0.0,0.0,True,False,-1.0626172406012713
1388,3.594249201277955,1.803652968036522,0.0,0.0,0.0,False,0.0,1,0,0,1.2609349934800678,0.3045990027747786,0.0,0.0,0.0,True,False,-1.0652029014394473
1389,3.547770700636943,1.803652968036522,0.0,0.0,0.0,False,0.0,1,0,0,1.2609349934800678,0.3045990027747786,0.0,0.0,0.0,True,False,-1.0652029014394473
1390,3.5509554140127397,1.803652968036522,0.0,0.0,0.0,False,0.0,1,0,0,1.2609349934800678,0.3045990027747786,0.0,0.0,0.0,True,False,-1.0652029014394473
1391,3.552380952380953,1.803652968036522,0.0,0.0,0.0,False,0.0,0,0,0,1.0,0.3045990027747786,1.0,1.0,0.0,True,False,-0.8882019331356212
1392,3.5158227848101262,1.719220549158615,0.0,0.0,0.0,False,0.0,1,0,0,1.2609349934800678,0.3045990027747786,0.0,0.0,0.0,True,False,-0.8882019331356212
1393,3.526813880126183,1.719220549158615,0.0,0.0,0.0,False,0.0,1,0,0,1.2609349934800678,0.3045990027747786,0.0,0.0,0.0,True,False,-0.8882019331356212
1394,3.526813880126183,1.719220549158615,0.0,0.0,0.0,False,0.0,1,0,0,1.2609349934800678,0.3045990027747786,0.0,0.0,0.0,True,False,-0.8882019331356212
1395,3.526813880126183,1.719220549158615,0.0,0.0,0.0,False,0.0,1,0,0,1.2609349934800678,0.3045990027747786,0.0,0.0,0.0,True,False,-0.8882019331356212
1396,4.072327044025157,1.719220549158615,0.0,0.0,0.0,False,0.0,1,0,0,1.2609349934800678,0.3045990027747786,0.0,0.0,0.0,True,False,-0.8882019331356212
1397,4.075235109717868,1.719220549158615,0.0,0.0,0.0,False,0.0,1,1,0,1.4,0.3045990027747786,0.0,0.0,0.0,True,False,-0.8882019331356212
1398,4.037617554858935,1.719220549158615,0.0,0.0,0.0,False,0.0,0,1,0,1.4,4.0182796197685855,1.0,1.0,0.0,True,False,2.68033342928514
1399,4.084639498432602,1.719220549158615,0.0,0.0,0.0,False,0.0,0,1,0,1.4,4.0182796197685855,0.0,0.0,0.0,True,False,2.68033342928514
1400,4.00625,1.719220549158615,0.0,0.0,0.0,False,0.0,0,0,0,1.0,4.0182796197685855,0.0,0.0,0.0,True,False,2.68033342928514
1401,4.015624999999999,1.7116402116402514,0.0,0.0,0.0,False,0.0,0,0,0,1.0,4.0182796197685855,0.0,0.0,0.0,True,False,2.68033342928514
1402,4.015624999999999,1.7116402116402514,0.0,0.0,0.0,False,0.0,0,0,0,1.0,4.0182796197685855,0.0,0.0,0.0,True,False,2.68033342928514
1403,4.015624999999999,1.7116402116402514,0.0,0.0,0.0,False,0.0,1,0,0,1.2609349934800678,4.0182796197685855,0.0,0.0,0.0,True,False,2.68033342928514
1404,3.965732087227415,1.7116402116402514,0.0,0.0,0.0,False,0.0,1,0,0,1.2609349934800678,4.0182796197685855,0.0,0.0,0.0,True,False,2.68033342928514
1405,3.9472049689441,1.7116402116402514,0.0,0.0,0.0,False,0.0,1,0,0,1.2609349934800678,-0.0756174303161133,1.0,1.0,0.0,True,False,-0.8075599640013883
1406,3.913846153846154,1.7116402116402514,0.0,0.0,0.0,False,0.0,0,0,0,1.0,-0.0756174303161133,0.0,0.0,0.0,True,False,-0.8075599640013883
1407,3.960122699386503,1.7116402116402514,0.0,0.0,0.0,False,0.0,0,0,0,1.0,-0.0756174303161133,0.0,0.0,0.0,True,False,-0.8075599640013883
1408,3.960122699386503,1.7116402116402514,0.0,0.0,0.0,False,0.0,0,0,0,1.0,-0.0756174303161133,0.0,0.0,0.0,True,False,-0.7939930636731125
1409,3.960122699386503,1.7116402116402514,0.0,0.0,0.0,False,0.0,0,0,0,1.0,-0.0756174303161133,0.0,0.0,0.0,True,False,-0.7378059220125025
1410,4.061349693251534,1.7116402116402514,1.0,0.0,0.0,False,0.0,0,0,0,1.0,-0.0756174303161133,0.0,0.0,0.0,True,False,-0.7378059220125025
1411,4.131498470948012,1.7116402116402514,1.0,0.0,0.0,False,0.0,0,0,0,1.0,-0.0756174303161133,0.0,0.0,0.0,True,False,-0.7378059220125025
1412,4.0426829268292686,1.2530864197530986,1.0,0.0,0.0,False,0.0,0,0,0,1.0,-0.4216481857649145,1.0,1.0,0.0,True,False,-0.7945628379860473
1413,3.996951219512195,1.2530864197530986,0.0,0.0,0.0,False,0.0,1,0,0,1.2609349934800678,-0.4216481857649145,0.0,0.0,0.0,True,False,-0.7945628379860473
1414,4.009118541033435,1.2530864197530986,0.0,0.0,0.0,False,0.0,1,0,0,1.2609349934800678,-0.4216481857649145,0.0,0.0,0.0,True,False,-0.7945628379860473
1415,4.009118541033435,1.2530864197530986,0.0,0.0,0.0,False,0.0,1,0,0,1.2609349934800678,-0.4216481857649145,0.0,0.0,0.0,True,False,-0.7750914047842608
1416,4.009118541033435,1.2530864197530986,0.0,0.0,0.0,False,0.0,0,0,0,1.0,-0.4507671775603776,0.0,0.0,0.0,True,False,-0.7315628244268353
1417,3.984848484848485,1.2530864197530986,0.0,0.0,0.0,False,0.0,0,0,0,1.0,-0.4507671775603776,0.0,0.0,0.0,True,False,-0.7315628244268353
1418,3.954545454545455,1.1982758620689435,0.0,0.0,0.0,False,0.0,1,0,0,1.2609349934800678,-0.4507671775603776,0.0,0.0,0.0,True,False,-0.7315628244268353
1419,3.9666666666666672,1.1982758620689435,0.0,0.0,0.0,False,0.0,1,0,0,1.2609349934800678,-0.3122573913994317,1.0,1.0,0.0,True,False,-0.8690742645259865
1420,3.891566265060242,1.1982758620689435,0.0,0.0,0.0,False,0.0,1,0,0,1.2609349934800678,-0.3122573913994317,0.0,0.0,0.0,True,False,-0.8690742645259865
1421,3.9246987951807233,1.1982758620689435,0.0,0.0,0.0,False,0.0,0,0,0,1.0,-0.3122573913994317,0.0,0.0,0.0,True,False,-0.8690742645259865
1422,3.9246987951807233,1.1982758620689435,0.0,0.0,0.0,False,0.0,0,0,0,1.0,-0.3122573913994317,0.0,0.0,0.0,True,False,-0.8702235838360849
1423,3.9246987951807233,1.1982758620689435,0.0,0.0,0.0,False,0.0,1,0,0,1.2609349934800678,-0.3417782806768347,0.0,0.0,0.0,True,False,-0.8713865615176521
1424,3.852852852852853,1.1982758620689435,0.0,5.102409638554192,0.0,False,-1.0831503369633884,1,0,0,1.2609349934800678,-0.3417782806768347,0.0,0.0,0.0,True,False,-0.8713865615176521
1425,3.859281437125748,1.1982758620689435,0.0,0.0,0.0,False,0.0,1,0,0,1.2609349934800678,-0.3417782806768347,0.0,0.0,0.0,True,False,-0.8713865615176521
1426,3.886567164179104,1.1982758620689435,0.0,0.0,0.0,False,0.0,1,0,0,1.2609349934800678,-0.1467956204737758,1.0,1.0,0.0,True,False,-0.8858818791453328
1427,3.955223880597014,1.1931330472102366,0.0,0.0,0.0,False,0.0,1,1,0,1.4,-0.1467956204737758,0.0,0.0,0.0,True,False,-0.8858818791453328
1428,4.0208955223880585,1.1931330472102366,0.0,0.0,0.0,False,0.0,1,1,0,1.4,-0.1467956204737758,0.0,0.0,0.0,True,False,-0.8858818791453328
1429,4.0208955223880585,1.1931330472102366,0.0,0.0,0.0,False,0.0,0,1,0,1.4,-0.1467956204737758,0.0,0.0,0.0,True,False,-0.8919268027014654
1430,4.0208955223880585,1.1931330472102366,0.0,0.0,0.0,False,0.0,1,0,0,1.2609349934800678,-0.1467956204737758,0.0,0.0,0.0,True,False,-0.8983276397919604
1431,4.044642857142857,1.1931330472102366,0.0,-1.194029850746261,-20.0,False,-1.1712511894465427,1,0,0,1.2609349934800678,-0.1467956204737758,0.0,0.0,0.0,True,False,-0.8983276397919604
1432,3.967261904761905,1.1931330472102366,0.0,0.0,0.0,False,0.0,1,0,0,1.2609349934800678,-0.1467956204737758,0.0,0.0,0.0,True,False,-0.8983276397919604
1433,3.955489614243323,1.1931330472102366,0.0,0.0,0.0,False,0.0,1,0,0,1.2609349934800678,-0.1176028165881738,1.0,1.0,0.0,True,False,4.0685832490384914
1434,3.94378698224852,1.1931330472102366,0.0,0.0,0.0,False,0.0,1,0,0,1.2609349934800678,-0.1176028165881738,0.0,0.0,0.0,True,False,4.0685832490384914
1435,3.8698224852071,1.1931330472102366,0.0,0.0,0.0,False,0.0,1,0,0,1.2609349934800678,-0.1176028165881738,0.0,0.0,0.0,True,False,4.0685832490384914
1436,3.8698224852071,1.1931330472102366,0.0,0.0,0.0,False,0.0,0,0,0,1.0,-0.1176028165881738,0.0,0.0,0.0,True,False,4.0685832490384914
1437,3.8698224852071,1.1931330472102366,0.0,0.0,0.0,False,0.0,0,0,0,1.0,-0.0924990373879032,0.0,0.0,0.0,True,False,4.0685832490384914
1438,3.784023668639053,1.1931330472102366,1.0,0.0011940298507646,0.0,False,0.28438392084907,0,0,0,1.0,-0.0924990373879032,0.0,0.0,0.0,True,False,4.0685832490384914
1439,3.843195266272189,1.1931330472102366,1.0,0.0,0.0,False,0.0,0,0,0,1.0,-0.0924990373879032,0.0,0.0,0.0,True,False,4.0685832490384914
1440,4.0414201183431935,2.879828326180156,1.0,0.0,0.0,False,0.0,0,0,0,1.0,0.1016433222629294,1.0,1.0,0.0,True,False,5.020559071942194
1441,4.171091445427728,2.879828326180156,0.0,0.0,0.0,False,0.0,0,0,0,1.0,0.1016433222629294,0.0,0.0,0.0,True,False,5.020559071942194
1442,4.187683284457478,2.477941993554828,0.0,0.0,0.0,False,0.0,0,0,0,1.0,0.1016433222629294,0.0,0.0,0.0,True,False,5.020559071942194
1443,4.187683284457478,2.477941993554828,0.0,0.0,0.0,False,0.0,0,0,0,1.0,0.1016433222629294,0.0,0.0,0.0,True,False,5.020559071942194
1444,4.187683284457478,2.477941993554828,0.0,0.0,0.0,False,0.0,1,0,0,1.2609349934800678,0.1016433222629294,0.0,0.0,0.0,True,False,5.020559071942194
1445,4.205278592375366,2.477941993554828,0.0,0.5999999999999912,0.0,False,-0.6274191079100938,1,0,0,1.2609349934800678,0.1016433222629294,0.0,0.0,0.0,True,False,5.020559071942194
1446,4.2076023391812845,2.477941993554828,0.0,0.0,0.0,False,0.0,1,0,0,1.2609349934800678,0.1016433222629294,0.0,0.0,0.0,True,False,5.020559071942194
1447,4.163265306122448,2.477941993554828,0.0,0.0,0.0,False,0.0,0,0,0,1.0,0.1016433222629294,1.0,1.0,0.0,True,False,-1.1566739826250767
1448,4.160349854227404,2.477941993554828,0.0,0.0,0.0,False,0.0,1,0,0,1.2609349934800678,0.1016433222629294,0.0,0.0,0.0,True,False,-1.1566739826250767
1449,3.8604651162790686,2.477941993554828,0.0,0.0,0.0,False,0.0,1,0,0,1.2609349934800678,0.1016433222629294,0.0,0.0,0.0,True,False,-1.1566739826250767
1450,3.8604651162790686,2.477941993554828,0.0,0.0,0.0,False,0.0,1,0,0,1.2609349934800678,0.1016433222629294,0.0,0.0,0.0,True,False,-1.166514960656046
1451,3.8604651162790686,2.477941993554828,0.0,0.0,0.0,False,0.0,0,0,0,1.0,0.1153077817064193,0.0,0.0,0.0,True,False,-1.1767660089030034
1452,3.710144927536232,2.477941993554828,0.0,0.0135802469135704,0.0,False,-0.813370111238779,0,0,0,1.0,0.1153077817064193,0.0,0.0,0.0,True,False,-1.1767660089030034
1453,3.684971098265895,2.477941993554828,0.0,0.0,0.0,False,0.0,1,0,0,1.2609349934800678,0.1153077817064193,0.0,0.0,0.0,True,False,-1.1767660089030034
1454,3.677233429394812,2.477941993554828,0.0,0.0,0.0,False,0.0,1,0,0,1.2609349934800678,-0.6694290812884514,1.0,1.0,0.0,True,False,-0.3882926740209164
1455,3.677233429394812,2.477941993554828,0.0,0.0,0.0,False,0.0,1,0,0,1.2609349934800678,-0.6694290812884514,0.0,0.0,0.0,True,False,-0.3882926740209164
1456,3.641833810888252,2.477941993554828,0.0,0.0,0.0,False,0.0,1,0,0,1.2609349934800678,-0.6694290812884514,0.0,0.0,0.0,True,False,-0.3882926740209164
1457,3.641833810888252,2.477941993554828,0.0,0.0,0.0,False,0.0,1,0,0,1.2609349934800678,-0.6694290812884514,0.0,0.0,0.0,True,False,-0.3937652146406089
1458,3.641833810888252,2.477941993554828,0.0,0.0,0.0,False,0.0,1,1,1,1.4,-0.6692678733962674,0.0,0.0,0.0,True,False,-0.3994450556411575
1459,3.641833810888252,2.477941993554828,0.0,0.0,0.0,False,0.0,0,1,1,1.4,-0.6692678733962674,0.0,0.0,0.0,True,False,-0.3994450556411575
1460,3.641833810888252,2.477941993554828,0.0,0.0,0.0,False,0.0,0,1,1,1.4,-0.6692678733962674,0.0,0.0,0.0,True,False,-0.3994450556411575
1461,3.641833810888252,2.477941993554828,0.0,0.0,0.0,False,0.0,0,0,0,1.0,-0.6692678733962674,0.0,0.0,0.0,True,False,-0.3994450556411575
1462,3.641833810888252,2.477941993554828,0.0,0.0,0.0,False,0.0,0,0,0,1.0,-0.6692678733962674,0.0,0.0,0.0,True,False,-0.3994450556411575
1463,3.641833810888252,2.477941993554828,0.0,0.0,0.0,False,0.0,0,0,0,1.0,-0.6692678733962674,0.0,0.0,0.0,True,False,-0.3994450556411575
1464,3.641833810888252,2.477941993554828,0.0,0.0,0.0,False,0.0,0,0,0,1.0,-0.6692678733962674,0.0,0.0,0.0,True,False,-0.3991871252500361
1465,3.641833810888252,2.477941993554828,0.0,0.0,0.0,False,0.0,0,0,0,1.0,-0.669066931936975,0.0,0.0,0.0,True,False,-0.3983761166730347
1466,3.641833810888252,2.477941993554828,0.0,0.0,0.0,False,0.0,0,0,0,1.0,-0.669066931936975,0.0,0.0,0.0,True,False,-0.3983761166730347
1467,3.641833810888252,2.477941993554828,0.0,0.0,0.0,False,0.0,0,0,0,1.0,-0.669066931936975,0.0,0.0,0.0,True,False,-0.3983761166730347
1468,3.641833810888252,2.477941993554828,0.0,0.0,0.0,False,0.0,1,0,0,1.2609349934800678,-0.669066931936975,0.0,0.0,0.0,False,False,-0.3983761166730347
1469,3.78,2.477941993554828,0.0,0.0,0.0,False,0.0,1,0,0,1.2609349934800678,-0.669066931936975,0.0,0.0,0.0,False,False,-0.3983761166730347
1470,3.671428571428572,2.477941993554828,0.0,0.0,0.0,False,0.0,1,0,0,1.2609349934800678,-0.669066931936975,0.0,0.0,0.0,False,False,-0.3983761166730347
1471,3.671428571428572,2.477941993554828,0.0,0.0,0.0,False,0.0,0,0,0,1.0,-0.669066931936975,0.0,0.0,0.4468955571939547,False,True,-0.3864344811226741
1472,3.671428571428572,2.477941993554828,0.0,0.0,0.0,False,0.0,0,0,0,1.0,-0.669066931936975,0.0,0.0,0.6672067234163103,False,True,-0.3864344811226741
1473,3.62108262108262,2.477941993554828,1.0,2.366470095450197e-14,0.0,False,0.28438392084907,0,0,0,1.0,-0.669066931936975,0.0,0.0,0.0862974957400506,False,False,-0.3864344811226741
1474,3.7528409090909087,2.477941993554828,1.0,0.0,0.0,False,0.0,1,0,0,1.2609349934800678,-0.669066931936975,0.0,0.0,0.0,False,False,-0.3864344811226741
1475,3.665722379603399,-0.341815757306357,1.0,0.0,0.0,False,0.0,1,0,0,1.2609349934800678,-0.1748893102209717,1.0,1.0,0.4610842238800988,False,True,-1.2167645150390949
1476,3.696883852691218,-0.341815757306357,0.0,0.0,0.0,False,0.0,1,0,0,1.2609349934800678,-0.1748893102209717,0.0,0.0,0.320481471576904,False,True,-1.2105764170879685
1477,3.756373937677053,-0.341815757306357,0.0,0.0,0.0,False,0.0,0,0,0,1.0,-0.1748893102209717,0.0,0.0,0.7710151647060376,False,True,-1.2105764170879685
1478,3.756373937677053,-0.341815757306357,0.0,0.0,0.0,False,0.0,0,0,0,1.0,-0.1748893102209717,0.0,0.0,1.1010666126498423,False,True,-1.2105764170879685
1479,3.756373937677053,-0.341815757306357,0.0,0.0,0.0,False,0.0,1,0,0,1.2609349934800678,-0.1763094753503037,0.0,0.0,1.475624330610162,False,True,-1.2105764170879685
1480,3.748587570621469,-0.341815757306357,0.0,1.5214384508990415,10.0,False,-0.6605415923111313,1,0,0,1.2609349934800678,-0.1763094753503037,0.0,0.0,1.233263454282611,False,True,-1.2105764170879685
1481,3.76338028169014,-0.341815757306357,0.0,0.0,0.0,False,0.0,1,0,0,1.2609349934800678,-0.1763094753503037,0.0,0.0,1.2112306473437429,False,True,-1.2105764170879685
1482,3.667605633802816,-0.341815757306357,0.0,0.0,0.0,False,0.0,0,0,0,1.0,-0.3421413817031064,1.0,1.0,1.3174287767890878,False,True,-0.8096420057577961
1483,3.610644257703081,-0.360018726591752,0.0,0.0,0.0,False,0.0,0,0,0,1.0,-0.3421413817031064,0.0,0.0,1.8858751958114488,False,True,-0.8064039128126844
1484,3.5849582172701946,-0.360018726591752,0.0,0.0,0.0,False,0.0,0,0,0,1.0,-0.3421413817031064,0.0,0.0,2.2776185031845264,False,True,-0.8064039128126844
1485,3.5849582172701946,-0.360018726591752,0.0,0.0,0.0,False,0.0,0,0,0,1.0,-0.3421413817031064,0.0,0.0,2.717833985823115,False,True,-0.8064039128126844
1486,3.5849582172701946,-0.360018726591752,0.0,0.0,0.0,False,0.0,1,0,0,1.2609349934800678,-0.3421413817031064,0.0,0.0,3.246621352355512,False,True,-0.8064039128126844
1487,3.579387186629526,-0.360018726591752,0.0,0.7931262392597582,0.0010500000000002,False,-0.8287488105534573,1,0,0,1.2609349934800678,-0.3421413817031064,0.0,0.0,3.665244684194009,False,True,-0.8064039128126844
1488,3.5694444444444438,-0.360018726591752,0.0,0.0,0.0,False,0.0,1,0,0,1.2609349934800678,-0.3421413817031064,0.0,0.0,2.955788300762451,False,True,-0.8064039128126844
1489,3.533149171270718,-0.360018726591752,0.0,0.0,0.0,False,0.0,1,1,0,1.4,-0.7726124822680701,1.0,1.0,2.806405869718246,False,True,5.107115895444585
1490,3.533149171270718,-0.360018726591752,0.0,0.0,0.0,False,0.0,1,1,0,1.4,-0.7726124822680701,0.0,0.0,2.322124773202363,False,True,5.022343993517604
1491,3.5552486187845305,-0.360018726591752,0.0,0.0,0.0,False,0.0,1,1,0,1.4,-0.7726124822680701,0.0,0.0,2.317718211814589,False,True,5.022343993517604
1492,3.5552486187845305,-0.360018726591752,0.0,0.0,0.0,False,0.0,1,0,0,1.2609349934800678,-0.7726124822680701,0.0,0.0,2.317718211814589,False,True,5.022343993517604
1493,3.5552486187845305,-0.360018726591752,0.0,0.0,0.0,False,0.0,1,0,0,1.2609349934800678,-0.7762081853520703,0.0,0.0,2.317718211814589,False,True,5.022343993517604
1494,3.5,-0.360018726591752,0.0,2.4761198163320292e-14,12.727272727272728,False,-0.2223967701472245,1,0,0,1.2609349934800678,-0.7762081853520703,0.0,0.0,2.181114808793606,False,True,5.022343993517604
1495,3.40495867768595,-0.360018726591752,0.0,0.0,0.0,False,0.0,1,0,0,1.2609349934800678,-0.7762081853520703,0.0,0.0,2.1370491949158694,False,True,5.022343993517604
1496,3.40495867768595,-0.360018726591752,0.0,0.0,0.0,False,0.0,1,0,0,1.2609349934800678,0.4105690983212484,1.0,1.0,2.1370491949158694,False,True,-0.7344435634769536
1497,3.392857142857143,-0.360018726591752,0.0,0.0,0.0,False,0.0,1,0,0,1.2609349934800678,0.4105690983212484,0.0,0.0,2.1370491949158694,False,True,-0.7344435634769536
1498,3.3808219178082197,-0.360018726591752,0.0,0.0,0.0,False,0.0,0,0,0,1.0,0.4105690983212484,0.0,0.0,2.1370491949158694,False,True,-0.7344435634769536
1499,3.3808219178082197,-0.360018726591752,0.0,0.0,0.0,False,0.0,0,0,0,1.0,0.4105690983212484,0.0,0.0,2.771672471547977,False,True,-0.7350172833901439
1500,3.3808219178082197,-0.360018726591752,0.0,0.0,0.0,False,0.0,0,0,0,1.0,0.4105690983212484,0.0,0.0,3.1288158995603954,False,True,-0.7350172833901439
1501,3.427397260273972,-0.360018726591752,1.0,0.0139567341242064,10.0,False,-0.8184227217090344,0,0,0,1.0,0.4105690983212484,0.0,0.0,3.1288158995603954,False,True,-0.7350172833901439
1502,3.5967302452316066,-0.360018726591752,1.0,0.0,0.0,False,0.0,0,0,0,1.0,0.4105690983212484,0.0,0.0,3.1288158995603954,False,True,-0.7350172833901439
1503,3.493188010899182,-1.3923220973782606,1.0,0.0,0.0,False,0.0,0,0,0,1.0,0.1633125732236608,1.0,1.0,3.745293837709929,False,True,1.776353946606319
1504,3.505434782608696,-1.3923220973782606,0.0,0.0,0.0,False,0.0,0,0,0,1.0,0.1633125732236608,0.0,0.0,4.053312478715307,False,True,1.714807721322395
1505,3.528455284552845,-1.3923220973782606,0.0,0.0,0.0,False,0.0,0,0,0,1.0,0.1633125732236608,0.0,0.0,4.159069952021875,False,True,1.714807721322395
1506,3.528455284552845,-1.3923220973782606,0.0,0.0,0.0,False,0.0,0,0,0,1.0,0.1633125732236608,0.0,0.0,4.400990172210207,False,True,1.714807721322395
1507,3.528455284552845,-1.3923220973782606,0.0,0.0,0.0,False,0.0,1,0,0,1.2609349934800678,0.1637282631080362,0.0,0.0,4.44064922470017,False,True,1.714807721322395
1508,3.5257452574525736,-1.3923220973782606,0.0,0.141542816702047,40.0,True,-1.0,1,0,0,1.2609349934800678,0.1637282631080362,0.0,0.0,4.44064922470017,False,True,1.714807721322395
1509,3.513513513513513,-1.3923220973782606,0.0,0.0,0.0,False,0.0,1,0,0,1.2609349934800678,0.1637282631080362,0.0,0.0,4.44064922470017,False,True,1.714807721322395
1510,3.489247311827956,-1.3923220973782606,0.0,0.0,0.0,False,0.0,1,0,0,1.2609349934800678,0.1436229380810137,1.0,1.0,4.683010101027722,False,True,0.3344123133235237
1511,3.4973118279569886,-1.3923220973782606,0.0,0.0,0.0,False,0.0,1,0,0,1.2609349934800678,0.1436229380810137,0.0,0.0,4.70504290796659,False,True,0.3326275755173466
1512,3.529569892473118,-1.3923220973782606,0.0,0.0,0.0,False,0.0,1,0,0,1.2609349934800678,0.1436229380810137,0.0,0.0,4.797140040971059,False,True,0.3326275755173466
1513,3.529569892473118,-1.3923220973782606,0.0,0.0,0.0,False,0.0,0,0,0,1.0,0.1436229380810137,0.0,0.0,4.801546602358832,False,True,0.3326275755173466
1514,3.529569892473118,-1.3923220973782606,0.0,0.0,0.0,False,0.0,1,0,0,1.2609349934800678,0.1474663199422651,0.0,0.0,4.827985970685474,False,True,0.3326275755173466
1515,3.491978609625668,-1.3923220973782606,0.0,3.017241379310279,40.0,True,-0.6915985587783849,1,0,0,1.2609349934800678,0.1474663199422651,0.0,0.0,4.827985970685474,False,True,0.3326275755173466
1516,3.516042780748663,-1.3923220973782606,0.0,0.0,0.0,False,0.0,1,0,0,1.2609349934800678,0.1474663199422651,0.0,0.0,4.827985970685474,False,True,0.3326275755173466
1517,3.5066666666666677,-1.3923220973782606,0.0,0.0,0.0,False,0.0,1,1,0,1.4,0.0231390026581794,1.0,1.0,4.938150005379816,False,True,2.475804400577243
1518,3.492021276595745,-1.3923220973782606,0.0,0.0,0.0,False,0.0,1,1,0,1.4,0.0231390026581794,0.0,0.0,5.466937371912654,False,True,2.4030543037552548
1519,3.4946808510638308,-1.3923220973782606,0.0,0.0,0.0,False,0.0,1,1,0,1.4,0.0231390026581794,0.0,0.0,4.515560768291,False,True,2.4030543037552548
1520,3.4946808510638308,-1.3923220973782606,0.0,0.0,0.0,False,0.0,1,0,0,1.2609349934800678,0.0231390026581794,0.0,0.0,4.999841864806884,False,True,2.4030543037552548
1521,3.4946808510638308,-1.3923220973782606,0.0,0.0,0.0,False,0.0,1,0,0,1.2609349934800678,0.0243028433571202,0.0,0.0,5.004248426194658,False,True,2.4030543037552548
1522,3.486702127659575,-1.3923220973782606,0.0,5.806966618287283,40.0,True,-1.0,1,0,0,1.2609349934800678,0.0243028433571202,0.0,0.0,4.963240965920036,False,True,2.4030543037552548
1523,3.50132625994695,-1.3923220973782606,0.0,0.0,0.0,False,0.0,1,0,0,1.2609349934800678,0.0243028433571202,0.0,0.0,4.236158336937825,False,True,2.4030543037552548
1524,3.514588859416446,-1.3923220973782606,0.0,0.0,0.0,False,0.0,1,0,0,1.2609349934800678,-0.3224126543244268,1.0,1.0,4.368355178571035,False,True,1.7794872540646578
1525,3.523809523809523,-1.3923220973782606,0.0,0.0,0.0,False,0.0,1,0,0,1.2609349934800678,-0.3224126543244268,0.0,0.0,3.774350703500027,False,True,1.729522303320013
1526,3.5317460317460303,-1.3923220973782606,0.0,0.0,0.0,False,0.0,0,0,0,1.0,-0.3224126543244268,0.0,0.0,3.665067981083241,False,True,1.729522303320013
1527,3.5317460317460303,-1.3923220973782606,0.0,0.0,0.0,False,0.0,0,0,0,1.0,-0.3224126543244268,0.0,0.0,3.665067981083241,False,True,1.729522303320013
1528,3.5317460317460303,-1.3923220973782606,0.0,0.0,0.0,False,0.0,1,0,0,1.2609349934800678,-0.3224126543244268,0.0,0.0,3.665067981083241,False,True,1.729522303320013
1529,3.5329815303430068,-1.3923220973782606,1.0,0.0,0.0,False,0.0,1,0,0,1.2609349934800678,-0.3224126543244268,0.0,0.0,3.401555610094376,False,True,1.729522303320013
1530,3.4447368421052627,-1.3923220973782606,1.0,0.0,0.0,False,0.0,1,0,0,1.2609349934800678,-0.3224126543244268,0.0,0.0,3.35748999621664,False,True,1.729522303320013
1531,3.4578947368421047,-1.8961844569288295,1.0,0.0,0.0,False,0.0,0,0,0,1.0,-0.3326810534776733,1.0,1.0,3.226174466860985,False,True,0.8981113105095071
1532,3.4499999999999997,-1.8961844569288295,0.0,0.0,0.0,False,0.0,0,0,0,1.0,-0.3326810534776733,0.0,0.0,2.984694902810989,False,True,0.8722389076510191
1533,3.5223097112860886,-1.8961844569288295,0.0,0.0,0.0,False,0.0,0,0,0,1.0,-0.3326810534776733,0.0,0.0,2.9194777942719385,False,True,0.8722389076510191
1534,3.5223097112860886,-1.8961844569288295,0.0,0.0,0.0,False,0.0,0,0,0,1.0,-0.3326810534776733,0.0,0.0,2.9194777942719385,False,True,0.8722389076510191
1535,3.5223097112860886,-1.8961844569288295,0.0,0.0,0.0,False,0.0,1,0,0,1.2609349934800678,-0.3592818387306131,0.0,0.0,2.9194777942719385,False,True,0.8722389076510191
1536,3.498687664041994,-1.8961844569288295,0.0,0.0,0.0,False,0.0,1,0,0,1.2609349934800678,-0.3592818387306131,0.0,0.0,2.7661294579778564,False,True,0.8722389076510191
1537,3.484293193717277,-1.8961844569288295,0.0,0.0,0.0,False,0.0,1,0,0,1.2609349934800678,-0.3592818387306131,0.0,0.0,2.7009123494388065,False,True,0.8722389076510191
1538,3.497382198952879,-1.8961844569288295,0.0,0.0,0.0,False,0.0,1,0,0,1.2609349934800678,-0.8191159989185007,1.0,1.0,2.6577280478386247,False,True,0.3004735355031512
1539,3.497382198952879,-1.8961844569288295,0.0,0.0,0.0,False,0.0,1,0,0,1.2609349934800678,-0.8191159989185007,0.0,0.0,2.6577280478386247,False,True,0.2951810637880316
1540,3.505235602094241,-1.8961844569288295,0.0,0.0,0.0,False,0.0,1,0,0,1.2609349934800678,-0.8191159989185007,0.0,0.0,2.6577280478386247,False,True,0.2951810637880316
1541,3.505235602094241,-1.8961844569288295,0.0,0.0,0.0,False,0.0,0,0,0,1.0,-0.8191159989185007,0.0,0.0,2.6577280478386247,False,True,0.2951810637880316
1542,3.505235602094241,-1.8961844569288295,0.0,0.0,0.0,False,0.0,0,0,0,1.0,-0.7409568215532589,0.0,0.0,2.6577280478386247,False,True,0.2951810637880316
1543,3.538057742782152,-1.8961844569288295,0.0,0.0,0.0,False,0.0,1,0,0,1.2609349934800678,-0.7409568215532589,0.0,0.0,2.6577280478386247,False,True,0.2951810637880316
1544,3.5275590551181097,-1.8961844569288295,0.0,0.0,0.0,False,0.0,1,0,0,1.2609349934800678,-0.7409568215532589,0.0,0.0,2.6180689953486618,False,True,0.2951810637880316
1545,3.51968503937008,-1.8961844569288295,0.0,0.0,0.0,False,0.0,1,0,0,1.2609349934800678,-0.974085608995646,1.0,1.0,2.578409942858699,False,True,0.8375449170676765
1546,3.492146596858637,-1.8961844569288295,0.0,2.807999999999992,11.179475888492105,False,4.809715625563639,1,0,0,1.2609349934800678,-0.974085608995646,0.0,0.0,2.24879915105367,False,True,0.765311991374781
1547,3.3848167539267,-1.8961844569288295,0.0,0.0,0.0,False,0.0,1,0,0,1.2609349934800678,-0.974085608995646,0.0,0.0,1.175562750454988,False,True,0.765311991374781
1548,3.3848167539267,-1.8961844569288295,0.0,0.0,0.0,False,0.0,1,1,1,1.4,-0.974085608995646,0.0,0.0,1.330601960093814,False,True,0.765311991374781
1549,3.3848167539267,-1.8961844569288295,0.0,0.0,0.0,False,0.0,1,1,1,1.4,-0.974085608995646,0.0,0.0,2.391005870695023,False,True,0.765311991374781
1550,3.4908136482939627,-1.8961844569288295,0.0,0.0,0.0,False,0.0,1,1,1,1.4,-0.974085608995646,0.0,0.0,2.017359104696851,False,True,0.765311991374781
1551,3.4986876640419937,-1.8961844569288295,0.0,0.0,0.0,False,0.0,1,0,0,1.2609349934800678,-0.974085608995646,0.0,0.0,1.4329497861880616,False,True,0.765311991374781
1552,3.5,-1.8961844569288295,0.0,0.0,0.0,False,0.0,1,0,0,1.2609349934800678,-0.3780117275443433,1.0,1.0,1.3530356918166269,False,True,-0.0197157336979429
1553,3.5026178010471205,-1.8961844569288295,0.0,0.0,0.0,False,0.0,1,0,0,1.2609349934800678,-0.3815653326755872,0.0,0.0,1.574592595069349,False,True,-0.0197157336979429
1554,3.5026178010471205,-1.8961844569288295,0.0,0.0,0.0,False,0.0,1,0,0,1.2609349934800678,-0.3815653326755872,0.0,0.0,1.5296554359202708,False,True,-0.0197157336979429
1555,3.5026178010471205,-1.8961844569288295,0.0,0.0,0.0,False,0.0,0,0,0,1.0,-0.3815653326755872,0.0,0.0,2.125824850299798,False,True,-0.0197157336979429
1556,3.5026178010471205,-1.8961844569288295,0.0,0.0,0.0,False,0.0,1,0,0,1.2609349934800678,-0.3815653326755872,0.0,0.0,2.2279312140886973,False,True,-0.0197157336979429
1557,3.5078125000000004,-1.8961844569288295,1.0,6.693000000000033,3.4177415204678354,True,3.415651154617879,1,0,0,1.2609349934800678,-0.3815653326755872,0.0,0.0,1.858207364562762,False,True,-0.0197157336979429
1558,3.4000000000000004,-1.8961844569288295,1.0,0.0,0.0,False,0.0,1,0,0,1.2609349934800678,-0.3815653326755872,0.0,0.0,1.8170354436801408,False,True,-0.0197157336979429
1559,3.443005181347149,-1.4373829588014593,1.0,0.0,0.0,False,0.0,0,0,0,1.0,0.431203156301237,1.0,1.0,1.8162120052624888,False,True,0.0964486877649312
1560,3.405128205128205,-1.4373829588014593,0.0,0.0,0.0,False,0.0,0,0,0,1.0,0.431203156301237,0.0,0.0,1.8534083689870504,False,True,0.0861027368458187
1561,3.407692307692307,-1.4373829588014593,0.0,0.0,0.0,False,0.0,0,0,0,1.0,0.431203156301237,0.0,0.0,1.669938475563168,False,True,0.0861027368458187
1562,3.407692307692307,-1.4373829588014593,0.0,0.0,0.0,False,0.0,0,0,0,1.0,0.431203156301237,0.0,0.0,1.8828043947848452,False,True,0.0861027368458187
1563,3.407692307692307,-1.4373829588014593,0.0,0.0,0.0,False,0.0,1,0,0,1.2609349934800678,0.431203156301237,0.0,0.0,1.9252345631463907,False,True,0.0861027368458187
1564,3.397435897435897,-1.4373829588014593,0.0,0.0,0.0,False,0.0,1,0,0,1.2609349934800678,0.431203156301237,0.0,0.0,1.900046840182719,False,True,0.0861027368458187
1565,3.341025641025641,-1.4373829588014593,0.0,2.838999999999992,3.2159514719000897,True,8.8309632881324,1,0,0,1.2609349934800678,0.431203156301237,0.0,0.0,1.7579057312883757,False,True,0.0861027368458187
1566,3.250639386189258,-1.4373829588014593,0.0,0.0,0.0,False,0.0,1,0,0,1.2609349934800678,0.3295738687386945,1.0,1.0,1.8464349143898584,False,True,1.6204583975682296
1567,3.171355498721228,-1.4373829588014593,0.0,0.0,0.0,False,0.0,1,0,0,1.2609349934800678,0.3310021024163442,0.0,0.0,1.8944875432603887,False,True,1.6204583975682296
1568,3.1475826972010177,-1.4373829588014593,0.0,0.0,0.0,False,0.0,1,0,0,1.2609349934800678,0.3310021024163442,0.0,0.0,1.857018099327879,False,True,1.6204583975682296
1569,3.1475826972010177,-1.4373829588014593,0.0,0.0,0.0,False,0.0,1,0,0,1.2609349934800678,0.3310021024163442,0.0,0.0,1.8544480933530116,False,True,1.6204583975682296
1570,3.1475826972010177,-1.4373829588014593,0.0,0.0,0.0,False,0.0,1,0,0,1.2609349934800678,0.3310021024163442,0.0,0.0,1.8157111346001515,False,True,1.6204583975682296
1571,3.1526717557251915,-1.4373829588014593,0.0,0.0,0.0,False,0.0,1,0,0,1.2609349934800678,0.3310021024163442,0.0,0.0,1.762226071145755,False,True,1.6204583975682296
1572,3.137055837563452,-1.4373829588014593,0.0,3.2700000000000005,2.088972888888888,True,4.374368077017058,1,0,0,1.2609349934800678,0.3310021024163442,0.0,0.0,1.7409005983124766,False,True,1.6204583975682296
1573,3.147208121827412,-1.4373829588014593,0.0,0.0,0.0,False,0.0,0,0,0,1.0,-0.493520179870721,1.0,1.0,1.6843089593886909,False,True,1.0973972905757756
1574,3.1675126903553306,-1.4373829588014593,0.0,0.0,0.0,False,0.0,1,0,0,1.2609349934800678,-0.493520179870721,0.0,0.0,1.658883802974858,False,True,1.0463545775429277
1575,3.1675126903553306,-1.4373829588014593,0.0,0.0,0.0,False,0.0,1,0,0,1.2609349934800678,-0.493520179870721,0.0,0.0,1.462820531761421,False,True,1.0463545775429277
1576,3.1675126903553306,-1.4373829588014593,0.0,0.0,0.0,False,0.0,1,0,0,1.2609349934800678,-0.493520179870721,0.0,0.0,1.6555043062406736,False,True,1.0463545775429277
1577,3.1675126903553306,-1.4373829588014593,0.0,0.0,0.0,False,0.0,1,0,0,1.2609349934800678,-0.493520179870721,0.0,0.0,2.434017431363441,False,True,1.0463545775429277
1578,3.087939698492462,-1.4373829588014593,0.0,0.0,0.0,False,0.0,1,1,0,1.4,-0.493520179870721,0.0,0.0,1.5882941290939985,False,True,1.0463545775429277
1579,3.113065326633165,-1.4373829588014593,0.0,3.941999999999981,2.3010080000000004,True,-0.0568474307179455,1,1,0,1.4,-0.493520179870721,0.0,0.0,1.276030439487853,False,True,1.0463545775429277
1580,3.0975,-1.4373829588014593,0.0,0.0,0.0,False,0.0,1,1,0,1.4,-0.1703334006798291,1.0,1.0,1.09756122588763,False,True,0.6518403033199446
1581,3.0975,-1.4373829588014593,0.0,0.0,0.0,False,0.0,1,0,0,1.2609349934800678,-0.1793678846033131,0.0,0.0,1.5486883868567998,False,True,0.6518403033199446
1582,3.0975,-1.4373829588014593,0.0,0.0,0.0,False,0.0,0,0,0,1.0,-0.1793678846033131,0.0,0.0,1.6209903346408612,False,True,0.6518403033199446
1583,3.0975,-1.4373829588014593,0.0,0.0,0.0,False,0.0,0,0,0,1.0,-0.1793678846033131,0.0,0.0,1.9737659090328965,False,True,0.6518403033199446
1584,3.0975,-1.4373829588014593,0.0,0.0,0.0,False,0.0,1,0,0,1.2609349934800678,-0.1793678846033131,0.0,0.0,1.9254013922224544,False,True,0.6518403033199446
1585,3.075,-1.4373829588014593,1.0,0.0,0.0,False,0.0,1,0,0,1.2609349934800678,-0.1793678846033131,0.0,0.0,1.7028898511035515,False,True,0.6518403033199446
1586,3.039900249376558,-1.4373829588014593,1.0,0.8380000000000378,1.5415172727272726,True,5.689667146104795,1,0,0,1.2609349934800678,-0.1793678846033131,0.0,0.0,1.5056465310972855,False,True,0.6518403033199446
1587,3.0522388059701493,-1.8511235955055936,1.0,0.0,0.0,False,0.0,0,0,0,1.0,-0.1793678846033131,1.0,1.0,1.6684409335985022,False,True,-0.9294278322488962
1588,3.0522388059701493,-1.8511235955055936,1.0,0.0,0.0,False,0.0,0,0,0,1.0,-0.1793678846033131,0.0,0.0,1.6317972138724968,False,True,-0.9287526303283518
1589,3.0522388059701493,-1.8511235955055936,1.0,0.0,0.0,False,0.0,0,0,0,1.0,-0.1793678846033131,0.0,0.0,1.7876986592861217,False,True,-0.9287526303283518
1590,3.0522388059701493,-1.8511235955055936,1.0,0.0,0.0,False,0.0,0,0,0,1.0,-0.1793678846033131,0.0,0.0,1.7788094574423046,False,True,-0.9287526303283518
1591,3.0522388059701493,-1.8511235955055936,1.0,0.0,0.0,False,0.0,0,0,0,1.0,-0.1793678846033131,0.0,0.0,1.8896962163042528,False,True,-0.9287526303283518
1592,3.054862842892769,-1.8511235955055936,0.0,0.0,0.0,False,0.0,0,0,0,1.0,-0.1793678846033131,0.0,0.0,1.7553180892687654,False,True,-0.9287526303283518
1593,3.054862842892769,-1.8511235955055936,0.0,0.79799999999999,1.1697355769230766,True,5.260611178564059,0,0,0,1.0,-0.1793678846033131,0.0,0.0,1.6713931781287188,False,True,-0.9287526303283518
1594,3.1047381546134667,-1.8511235955055936,0.0,0.0,0.0,False,0.0,1,0,0,1.2609349934800678,0.1939238567115682,1.0,1.0,1.405301731679729,False,True,2.595782191195682
1595,3.12,-1.8511235955055936,0.0,0.0,0.0,False,0.0,1,0,0,1.2609349934800678,0.1944734531790557,0.0,0.0,1.4244556701587234,False,True,2.595782191195682
1596,3.0970149253731343,-1.7575286142904414,0.0,0.0,0.0,False,0.0,1,0,0,1.2609349934800678,0.1944734531790557,0.0,0.0,1.2759829169575143,False,True,2.595782191195682
1597,3.0970149253731343,-1.7575286142904414,0.0,0.0,0.0,False,0.0,0,0,0,1.0,0.1944734531790557,0.0,0.0,1.2432247529292737,False,True,2.595782191195682
1598,3.0970149253731343,-1.7575286142904414,0.0,0.0,0.0,False,0.0,0,0,0,1.0,0.1944734531790557,0.0,0.0,1.256717509539741,False,True,2.595782191195682
1599,3.092039800995024,-1.7575286142904414,0.0,0.0,0.0,False,0.0,1,0,0,1.2609349934800678,0.1944734531790557,0.0,0.0,1.2244078430899283,False,True,2.595782191195682
1600,3.074441687344913,-1.7575286142904414,0.0,2.163999999999966,1.975482889003412,True,2.49899910779463,1,0,0,1.2609349934800678,0.1944734531790557,0.0,0.0,1.124316221040428,False,True,2.595782191195682
1601,3.061881188118812,-1.7575286142904414,0.0,0.0,0.0,False,0.0,1,0,0,1.2609349934800678,0.2326384121627611,1.0,1.0,1.107927031516428,False,True,2.147126116855807
1602,3.041975308641975,-1.7575286142904414,0.0,0.0,0.0,False,0.0,0,0,0,1.0,0.2326384121627611,0.0,0.0,1.096484104440055,False,True,2.139330194235569
1603,3.0320987654320986,-1.7575286142904414,0.0,0.0,0.0,False,0.0,0,0,0,1.0,0.2326384121627611,0.0,0.0,1.104388894708132,False,True,2.139330194235569
1604,3.0320987654320986,-1.7575286142904414,0.0,0.0,0.0,False,0.0,0,0,0,1.0,0.2326384121627611,0.0,0.0,1.115624635989957,False,True,2.139330194235569
1605,3.0320987654320986,-1.7575286142904414,0.0,0.0,0.0,False,0.0,1,0,0,1.2609349934800678,0.2326384121627611,0.0,0.0,1.2817863157742555,False,True,2.139330194235569
1606,2.870813397129186,-1.7575286142904414,0.0,0.0,0.0,False,0.0,1,0,0,1.2609349934800678,0.2326384121627611,0.0,0.0,1.2049250878480722,False,True,2.139330194235569
1607,2.843601895734597,-1.7575286142904414,0.0,2.6930000000000303,3.141945999999999,True,-0.3020661323452414,1,0,0,1.2609349934800678,0.2326384121627611,0.0,0.0,0.9706833733608412,False,True,2.139330194235569
1608,2.8676122931442087,-1.7575286142904414,0.0,0.0,0.0,False,0.0,1,0,0,1.2609349934800678,0.2211319416317477,1.0,1.0,1.0698190652500923,False,True,1.7802729425391854
1609,2.839243498817967,-1.7575286142904414,0.0,0.0,0.0,False,0.0,1,1,0,1.4,0.2379521119486308,0.0,0.0,1.1884014194704908,False,True,1.7802729425391854
1610,2.925659472422063,-1.7575286142904414,0.0,0.0,0.0,False,0.0,0,1,0,1.4,0.2379521119486308,0.0,0.0,1.2064208169343231,False,True,1.7802729425391854
1611,2.925659472422063,-1.7575286142904414,0.0,0.0,0.0,False,0.0,0,1,0,1.4,0.2379521119486308,0.0,0.0,1.2064208169336044,False,True,1.7802729425391854
1612,2.925659472422063,-1.7575286142904414,0.0,0.0,0.0,False,0.0,1,0,0,1.2609349934800678,0.2379521119486308,0.0,0.0,1.1844063359213233,False,True,1.7802729425391854
1613,2.946987951807228,-1.7575286142904414,1.0,0.0,0.0,False,0.0,1,0,0,1.2609349934800678,0.2379521119486308,0.0,0.0,1.142258400276708,False,True,1.7802729425391854
1614,2.951807228915663,-1.7575286142904414,1.0,1.158,1.651292580645161,True,1.5005272122637685,1,0,0,1.2609349934800678,0.2379521119486308,0.0,0.0,0.8771795331466548,False,True,1.7802729425391854
1615,2.8537170263788965,-0.9555506167351678,1.0,0.0,0.0,False,0.0,1,0,0,1.2609349934800678,-0.4117973181277663,0.0,0.0,0.9866834579414508,False,True,5.038825090225765
1616,2.8537170263788965,-0.9555506167351678,0.0,0.0,0.0,False,0.0,1,0,0,1.2609349934800678,-0.4117973181277663,0.0,0.0,0.9036953249259304,False,True,5.024775859609505
1617,2.8057553956834536,-0.9555506167351678,0.0,0.0,0.0,False,0.0,1,0,0,1.2609349934800678,-0.4117973181277663,0.0,0.0,0.9616120230090456,False,True,5.024775859609505
1618,2.8057553956834536,-0.9555506167351678,0.0,0.0,0.0,False,0.0,0,0,0,1.0,-0.4117973181277663,0.0,0.0,0.950114495369231,False,True,5.024775859609505
1619,2.8057553956834536,-0.9555506167351678,0.0,0.0,0.0,False,0.0,0,0,0,1.0,-0.4117973181277663,0.0,0.0,0.9478624125823282,False,True,5.024775859609505
1620,2.5727923627684968,-0.9555506167351678,0.0,0.0,0.0,False,0.0,0,0,0,1.0,-0.4117973181277663,0.0,0.0,0.8734937943065808,False,True,5.024775859609505
1621,2.583333333333334,-0.9555506167351678,0.0,1.19299999999999,1.3050911304347823,True,2.5977687381690764,0,0,0,1.0,-0.4117973181277663,0.0,0.0,0.870179576840043,False,True,5.024775859609505
1622,2.597619047619048,-0.9555506167351678,0.0,0.0,0.0,False,0.0,0,0,0,1.0,-0.1965471345278489,1.0,1.0,0.8334688482017095,False,True,3.000728077564576
1623,2.597619047619048,-0.9555506167351678,0.0,0.0,0.0,False,0.0,0,0,0,1.0,-0.1960347923757454,0.0,0.0,0.8807647422919737,False,True,3.000728077564576
1624,2.597619047619048,-0.9555506167351678,0.0,0.0,0.0,False,0.0,0,0,0,1.0,-0.1960347923757454,0.0,0.0,1.0801635846312998,False,True,3.000728077564576
1625,2.597619047619048,-0.9555506167351678,0.0,0.0,0.0,False,0.0,0,0,0,1.0,-0.1960347923757454,0.0,0.0,1.096281145208574,False,True,3.000728077564576
1626,2.597619047619048,-0.9555506167351678,0.0,0.0,0.0,False,0.0,1,0,0,1.2609349934800678,-0.1960347923757454,0.0,0.0,1.1956875588787248,False,True,3.000728077564576
1627,2.5680190930787585,-0.9555506167351678,0.0,0.0,0.0,False,0.0,1,0,0,1.2609349934800678,-0.1960347923757454,0.0,0.0,1.1151279244456045,False,True,3.000728077564576
1628,2.577565632458233,-0.9555506167351678,0.0,1.5980000000000416,0.998431470588235,True,2.88,1,0,0,1.2609349934800678,-0.1960347923757454,0.0,0.0,1.0185519059653934,False,True,3.000728077564576
1629,2.5823389021479706,-0.7618705035971527,0.0,0.0,0.0,False,0.0,0,0,0,1.0,0.0466574166043724,1.0,1.0,0.9755606394942488,False,True,3.656480652775989
1630,2.5608591885441525,-0.7618705035971527,0.0,0.0,0.0,False,0.0,1,0,0,1.2609349934800678,0.0466574166043724,0.0,0.0,1.019450727386348,False,True,3.5452718443093967
1631,2.4836448598130847,-0.7618705035971527,0.0,0.0,0.0,False,0.0,1,0,0,1.2609349934800678,0.0466574166043724,0.0,0.0,1.0159686714768512,False,True,3.5452718443093967
1632,2.4836448598130847,-0.7618705035971527,0.0,0.0,0.0,False,0.0,1,0,0,1.2609349934800678,0.0466574166043724,0.0,0.0,1.032268498883458,False,True,3.5452718443093967
1633,2.4836448598130847,-0.7618705035971527,0.0,0.0,0.0,False,0.0,0,0,0,1.0,0.0466574166043724,0.0,0.0,1.0277267856909291,False,True,3.5452718443093967
1634,2.481308411214953,-0.7618705035971527,0.0,0.0,0.0,False,0.0,0,0,0,1.0,0.0466574166043724,0.0,0.0,0.9743169820607828,False,True,3.5452718443093967
1635,2.397260273972602,-0.7618705035971527,0.0,1.6239999999999934,0.680307248152746,True,2.6636995077213568,1,0,0,1.2609349934800678,0.0466574166043724,0.0,0.0,0.9334134154063116,False,True,3.5452718443093967
1636,2.389521640091116,-0.7618705035971527,0.0,0.0,0.0,False,0.0,1,0,0,1.2609349934800678,-0.2966411162439833,1.0,1.0,0.9742704721316044,False,True,0.6009872467817939
1637,2.368181818181819,-0.7618705035971527,0.0,0.0,0.0,False,0.0,1,0,0,1.2609349934800678,-0.3033175690170445,0.0,0.0,1.052444636873054,False,True,0.6009872467817939
1638,2.394557823129251,-0.7618705035971527,0.0,0.0,0.0,False,0.0,0,0,0,1.0,-0.3033175690170445,0.0,0.0,1.1873581484422464,False,True,0.6009872467817939
1639,2.394557823129251,-0.7618705035971527,0.0,0.0,0.0,False,0.0,0,1,1,1.4,-0.3033175690170445,0.0,0.0,1.285260757701271,False,True,0.6009872467817939
1640,2.394557823129251,-0.7618705035971527,0.0,0.0,0.0,False,0.0,1,1,1,1.4,-0.3033175690170445,0.0,0.0,1.5156937255369205,False,True,0.6009872467817939
1641,2.4705882352941173,-0.7618705035971527,0.0,0.0,0.0,False,0.0,1,1,1,1.4,-0.3033175690170445,0.0,0.0,1.0919037746172702,False,True,0.6009872467817939
1642,2.401805869074492,-0.7618705035971527,0.0,1.810327706057529,0.5256927785877139,True,2.3057019527982714,1,0,0,1.2609349934800678,-0.3033175690170445,0.0,0.0,0.8635874792158493,False,True,0.6009872467817939
1643,2.408988764044944,-0.7618705035971527,0.0,0.0,0.0,False,0.0,1,0,0,1.2609349934800678,-0.7478804650643724,1.0,1.0,0.5967635412156286,False,True,-0.2370799866280424
1644,2.3856502242152464,-0.7618705035971527,0.0,0.0,0.0,False,0.0,1,0,0,1.2609349934800678,-0.7478804650643724,0.0,0.0,0.6536349234165642,False,True,-0.2376479709718134
1645,2.3878923766816142,-0.7618705035971527,0.0,0.0,0.0,False,0.0,1,0,0,1.2609349934800678,-0.7478804650643724,0.0,0.0,0.5660324255397298,False,True,-0.2376479709718134
1646,2.3878923766816142,-0.7618705035971527,0.0,0.0,0.0,False,0.0,0,0,0,1.0,-0.7478804650643724,0.0,0.0,0.7148921328004743,False,True,-0.2376479709718134
1647,2.3878923766816142,-0.7618705035971527,0.0,0.0,0.0,False,0.0,1,0,0,1.2609349934800678,-0.7478804650643724,0.0,0.0,0.7351685263173428,False,True,-0.2376479709718134
1648,2.380313199105146,-0.7618705035971527,1.0,0.0,0.0,False,0.0,1,0,0,1.2609349934800678,-0.7478804650643724,0.0,0.0,0.678528197146403,False,True,-0.2376479709718134
1649,2.344444444444444,-0.7618705035971527,1.0,1.743589743589713,-1.1848710891089107,False,2.1844234120828903,1,0,0,1.2609349934800678,-0.7478804650643724,0.0,0.0,0.5859772032458563,False,True,-0.2376479709718134
1650,2.2428256070640176,-1.5431654676259263,1.0,0.0,0.0,False,0.0,0,0,0,1.0,0.1337098573386975,1.0,1.0,0.5208350333172691,False,True,-0.2312835368209219
1651,2.178807947019868,-1.5431654676259263,0.0,0.0,0.0,False,0.0,0,0,0,1.0,0.1365513569981497,0.0,0.0,0.515985168037104,False,True,-0.2312835368209219
1652,2.1523178807947017,-1.5431654676259263,0.0,0.0,0.0,False,0.0,0,0,0,1.0,0.1365513569981497,0.0,0.0,0.5403663566716135,False,True,-0.2312835368209219
1653,2.1523178807947017,-1.5431654676259263,0.0,0.0,0.0,False,0.0,0,0,0,1.0,0.1365513569981497,0.0,0.0,0.4961602849910388,False,True,-0.2312835368209219
1654,2.1523178807947017,-1.5431654676259263,0.0,0.0,0.0,False,0.0,0,0,0,1.0,0.1365513569981497,0.0,0.0,0.4696569210636531,False,True,-0.2312835368209219
1655,2.118161925601751,-1.5431654676259263,0.0,0.0,0.0,False,0.0,1,0,0,1.2609349934800678,0.1365513569981497,0.0,0.0,0.323608729925484,False,True,-0.2312835368209219
1656,2.1089324618736374,-1.5431654676259263,0.0,-2.573099415204609,-1.3541826635127123,False,0.7355065833519304,1,0,0,1.2609349934800678,0.1365513569981497,0.0,0.0,0.2248382959808741,False,True,-0.2312835368209219
1657,2.0895196506550224,-1.5431654676259263,0.0,0.0,0.0,False,0.0,1,0,0,1.2609349934800678,-0.0065958714880859,1.0,1.0,0.2703749341646498,False,True,2.688699726616412
1658,2.084967320261438,-1.5431654676259263,0.0,0.0,0.0,False,0.0,1,0,0,1.2609349934800678,-0.0065958714880859,0.0,0.0,0.3113522058005141,False,True,2.6013098980031835
1659,2.0653594771241823,-1.4742268041237263,0.0,0.0,0.0,False,0.0,1,0,0,1.2609349934800678,-0.0065958714880859,0.0,0.0,0.3455695776876736,False,True,2.6013098980031835
1660,2.0653594771241823,-1.4742268041237263,0.0,0.0,0.0,False,0.0,1,0,0,1.2609349934800678,-0.0065958714880859,0.0,0.0,0.3714494135124809,False,True,2.6013098980031835
1661,2.0653594771241823,-1.4742268041237263,0.0,0.0,0.0,False,0.0,1,0,0,1.2609349934800678,-0.0065958714880859,0.0,0.0,0.3803299537068456,False,True,2.6013098980031835
1662,2.036876355748373,-1.4742268041237263,0.0,0.0,0.0,False,0.0,1,0,0,1.2609349934800678,-0.0065958714880859,0.0,0.0,0.3490439034825599,False,True,2.6013098980031835
1663,1.9402985074626864,-1.4742268041237263,0.0,-2.910331384015564,-1.3541826635127123,False,0.3777524705882353,1,0,0,1.2609349934800678,-0.0065958714880859,0.0,0.0,0.3194737975185083,False,True,2.6013098980031835
1664,1.8625792811839328,-1.4742268041237263,0.0,0.0,0.0,False,0.0,0,0,0,1.0,-0.2613887179362577,1.0,1.0,0.2838068170565527,False,True,0.5392554088513831
1665,1.8574468085106384,-1.4742268041237263,0.0,0.0,0.0,False,0.0,1,0,0,1.2609349934800678,-0.2676103034161453,0.0,0.0,0.2757559509113172,False,True,0.5392554088513831
1666,1.8322717622080684,-1.4742268041237263,0.0,0.0,0.0,False,0.0,1,0,0,1.2609349934800678,-0.2676103034161453,0.0,0.0,0.0901975630116151,False,False,0.5392554088513831
1667,1.8322717622080684,-1.4742268041237263,0.0,0.0,0.0,False,0.0,1,0,0,1.2609349934800678,-0.2676103034161453,0.0,0.0,0.156237419058806,False,True,0.5392554088513831
1668,1.8322717622080684,-1.4742268041237263,0.0,0.0,0.0,False,0.0,1,0,0,1.2609349934800678,-0.2676103034161453,0.0,0.0,0.4332059841182796,False,True,0.5392554088513831
1669,1.6946236559139785,-1.4742268041237263,0.0,0.0,0.0,False,0.0,1,0,0,1.2609349934800678,-0.2676103034161453,0.0,0.0,0.0,False,False,0.5392554088513831
1670,1.72234273318872,-1.4742268041237263,0.0,9.00394477317535,0.1521710722278405,False,3.577777777777778,1,1,0,1.4,-0.2676103034161453,0.0,0.0,0.0,False,False,0.5392554088513831
1671,1.704989154013015,-1.4742268041237263,0.0,0.0,0.0,False,0.0,0,1,0,1.4,-0.555366233512937,1.0,1.0,0.0,False,False,2.0108333279275303
1672,1.6478260869565218,-1.4742268041237263,0.0,0.0,0.0,False,0.0,0,1,0,1.4,-0.555366233512937,0.0,0.0,0.0,False,False,1.9757366852957183
1673,1.617391304347826,-1.4742268041237263,0.0,0.0,0.0,False,0.0,0,0,0,1.0,-0.555366233512937,0.0,0.0,0.2301321649283539,False,True,1.9757366852957183
1674,1.617391304347826,-1.4742268041237263,0.0,0.0,0.0,False,0.0,0,0,0,1.0,-0.555366233512937,0.0,0.0,0.324283467868089,False,True,1.9757366852957183
1675,1.617391304347826,-1.4742268041237263,0.0,0.0,0.0,False,0.0,1,0,0,1.2609349934800678,-0.555366233512937,0.0,0.0,0.4537172725179018,False,True,1.9757366852957183
1676,1.589010989010989,-1.4742268041237263,0.0,0.0,0.0,False,0.0,1,0,0,1.2609349934800678,-0.555366233512937,0.0,0.0,0.1652291728626359,False,True,1.9757366852957183
1677,1.5486725663716816,-1.4742268041237263,0.0,2.9551656920077285,-0.2965620735401872,False,2.4457831325301207,1,0,0,1.2609349934800678,-0.555366233512937,0.0,0.0,0.1449422271568552,False,True,1.9757366852957183
1678,1.5388026607538805,-1.4742268041237263,0.0,0.0,0.0,False,0.0,1,0,0,1.2609349934800678,-0.1397821730130723,1.0,1.0,0.0,False,False,0.5874650650949913
1679,1.360178970917226,-1.4742268041237263,0.0,0.0,0.0,False,0.0,0,0,0,1.0,-0.1380807152486687,0.0,0.0,0.0,False,False,0.5874650650949913
1680,1.3259423503325944,-1.4742268041237263,0.0,0.0,0.0,False,0.0,0,0,0,1.0,-0.1380807152486687,0.0,0.0,0.0256740402589474,False,False,0.5874650650949913
1681,1.3259423503325944,-1.4742268041237263,0.0,0.0,0.0,False,0.0,0,0,0,1.0,-0.1380807152486687,0.0,0.0,0.0105991405053533,False,False,0.5874650650949913
1682,1.3259423503325944,-1.4742268041237263,0.0,0.0,0.0,False,0.0,0,0,0,1.0,-0.1380807152486687,0.0,0.0,0.0611994246963728,False,False,0.5874650650949913
1683,1.2731277533039644,-1.4742268041237263,1.0,0.0,0.0,False,0.0,0,0,0,1.0,-0.1380807152486687,0.0,0.0,0.0437769234670947,False,False,0.5874650650949913
1684,1.148796498905908,-1.4742268041237263,1.0,6.500963391136579,1.3051051049920162,True,-0.2857142857142857,0,0,0,1.0,-0.1380807152486687,0.0,0.0,0.0,False,False,0.5874650650949913
1685,1.2788671023965144,-1.1374570446735734,1.0,0.0,0.0,False,0.0,0,0,0,1.0,-0.4157293140999872,1.0,1.0,0.0077825641717279,False,False,-0.6189783089676262
1686,1.287581699346405,-1.1374570446735734,0.0,0.0,0.0,False,0.0,1,0,0,1.2609349934800678,-0.4157293140999872,0.0,0.0,0.0836549915614447,False,False,-0.6256540211851312
1687,1.2863340563991317,-1.1374570446735734,0.0,0.0,0.0,False,0.0,1,0,0,1.2609349934800678,-0.4157293140999872,0.0,0.0,0.0,False,False,-0.6256540211851312
1688,1.2863340563991317,-1.1374570446735734,0.0,0.0,0.0,False,0.0,1,0,0,1.2609349934800678,-0.4157293140999872,0.0,0.0,0.0039714751102632,False,False,-0.6256540211851312
1689,1.2863340563991317,-1.1374570446735734,0.0,0.0,0.0,False,0.0,0,0,0,1.0,-0.4157293140999872,0.0,0.0,0.0100520232410781,False,False,-0.6256540211851312
1690,1.2559652928416485,-1.1374570446735734,0.0,0.0,0.0,False,0.0,0,0,0,1.0,-0.4157293140999872,0.0,0.0,0.0,False,False,-0.6256540211851312
1691,1.2640692640692637,-1.1374570446735734,0.0,1.3083333333332965,0.3742272142787606,True,-0.7542215727806786,1,0,0,1.2609349934800678,-0.4157293140999872,0.0,0.0,0.0,False,False,-0.6256540211851312
1692,1.2597402597402594,-1.1374570446735734,0.0,0.0,0.0,False,0.0,1,0,0,1.2609349934800678,-0.4935081168121994,1.0,1.0,0.0,False,False,-0.2986536243005627
1693,1.2634989200863935,-1.1374570446735734,0.0,0.0,0.0,False,0.0,1,0,0,1.2609349934800678,-0.4934739237505435,0.0,0.0,0.0,False,False,-0.2986536243005627
1694,1.259179265658747,-1.1374570446735734,0.0,0.0,0.0,False,0.0,0,0,0,1.0,-0.4934739237505435,0.0,0.0,0.0,False,False,-0.2986536243005627
1695,1.259179265658747,-1.1374570446735734,0.0,0.0,0.0,False,0.0,0,0,0,1.0,-0.4934739237505435,0.0,0.0,0.0,False,False,-0.2986536243005627
1696,1.259179265658747,-1.1374570446735734,0.0,0.0,0.0,False,0.0,1,0,0,1.2609349934800678,-0.4934739237505435,0.0,0.0,0.117674835118695,False,False,-0.2986536243005627
1697,1.259179265658747,-1.1374570446735734,0.0,0.0,0.0,False,0.0,1,0,0,1.2609349934800678,-0.4934739237505435,0.0,0.0,0.040795812063806,False,False,-0.2986536243005627
1698,1.2564655172413794,-1.1374570446735734,0.0,0.3316666666666626,-0.2777330818656299,False,-0.3253012048192771,1,0,0,1.2609349934800678,-0.4934739237505435,0.0,0.0,0.0,False,False,-0.2986536243005627
1699,1.2499999999999998,-1.1374570446735734,0.0,0.0,0.0,False,0.0,1,0,0,1.2609349934800678,-0.4634038454538866,1.0,1.0,0.5884338082089213,False,True,-0.3326986647989673
1700,1.2564655172413794,-1.1374570446735734,0.0,0.0,0.0,False,0.0,1,0,0,1.2609349934800678,-0.4634038454538866,0.0,0.0,0.110629419519606,False,False,-0.3358804270510968
1701,1.2467811158798283,-1.1374570446735734,0.0,0.0,0.0,False,0.0,1,1,0,1.4,-0.4634038454538866,0.0,0.0,0.3576716176525001,False,True,-0.3358804270510968
1702,1.2467811158798283,-1.1374570446735734,0.0,0.0,0.0,False,0.0,0,1,0,1.4,-0.4634038454538866,0.0,0.0,0.391288405763223,False,True,-0.3358804270510968
1703,1.2467811158798283,-1.1374570446735734,0.0,0.0,0.0,False,0.0,1,1,0,1.4,-0.4634038454538866,0.0,0.0,0.4888556117431553,False,True,-0.3358804270510968
1704,1.2419700214132767,-1.1374570446735734,0.0,0.0,0.0,False,0.0,1,0,0,1.2609349934800678,-0.4634038454538866,0.0,0.0,0.0580530961224639,False,False,-0.3358804270510968
1705,1.2371794871794868,-1.1374570446735734,0.0,-0.0566666666666512,-0.940741314443528,False,0.0222222222222222,1,0,0,1.2609349934800678,-0.4634038454538866,0.0,0.0,0.0011495662595689,False,False,-0.3358804270510968
1706,1.2350427350427344,-1.1374570446735734,0.0,0.0,0.0,False,0.0,1,0,0,1.2609349934800678,-0.3607850896769645,1.0,1.0,0.1589203391722503,False,True,3.129308463712042
1707,1.2229299363057324,-1.1374570446735734,0.0,0.0,0.0,False,0.0,1,0,0,1.2609349934800678,-0.3532249271201471,0.0,0.0,0.0005757644322744,False,False,3.129308463712042
1708,1.2093023255813955,-1.1374570446735734,0.0,0.0,0.0,False,0.0,1,0,0,1.2609349934800678,-0.3532249271201471,0.0,0.0,0.2368395749125346,False,True,3.129308463712042
1709,1.2093023255813955,-1.1374570446735734,0.0,0.0,0.0,False,0.0,1,0,0,1.2609349934800678,-0.3532249271201471,0.0,0.0,0.2543863607814728,False,True,3.129308463712042
1710,1.2093023255813955,-1.1374570446735734,0.0,0.0,0.0,False,0.0,0,0,0,1.0,-0.3532249271201471,0.0,0.0,0.3761465270828112,False,True,3.129308463712042
1711,1.1219512195121952,-1.1374570446735734,1.0,0.0,0.0,False,0.0,0,0,0,1.0,-0.3532249271201471,0.0,0.0,0.2233538818902576,False,True,3.129308463712042
1712,1.057086614173228,-1.1374570446735734,1.0,-2.1366666666666454,-1.412583101396814,False,0.4741839506172838,0,0,0,1.0,-0.3532249271201471,0.0,0.0,0.1142651335017763,False,False,3.129308463712042
1713,0.9194499017681728,-0.7319587628866179,1.0,0.0,0.0,False,0.0,0,0,0,1.0,-0.5428162242790147,1.0,1.0,0.066701361335557,False,False,0.206171970892885
1714,0.9155206286836934,-0.7319587628866179,0.0,0.0,0.0,False,0.0,0,0,0,1.0,-0.5428162242790147,0.0,0.0,0.0,False,False,0.2048502092196414
1715,0.9099804305283754,-0.7319587628866179,0.0,0.0,0.0,False,0.0,0,0,0,1.0,-0.5428162242790147,0.0,0.0,0.0,False,False,0.2048502092196414
1716,0.9099804305283754,-0.7319587628866179,0.0,0.0,0.0,False,0.0,0,0,0,1.0,-0.5428162242790147,0.0,0.0,0.0,False,False,0.2048502092196414
1717,0.9099804305283754,-0.7319587628866179,0.0,0.0,0.0,False,0.0,1,0,0,1.2609349934800678,-0.5428162242790147,0.0,0.0,0.1725059060673318,False,False,0.2048502092196414
1718,0.8440545808966865,-0.7319587628866179,0.0,0.0,0.0,False,0.0,1,0,0,1.2609349934800678,-0.5428162242790147,0.0,0.0,0.0,False,False,0.2048502092196414
1719,0.8499025341130605,-0.7319587628866179,0.0,-0.6699999999999722,-0.6850064788740676,False,1.8974358974358971,1,0,0,1.2609349934800678,-0.5428162242790147,0.0,0.0,0.0,False,False,0.2048502092196414
1720,0.8593749999999997,-0.7319587628866179,0.0,0.0,0.0,False,0.0,0,0,0,1.0,-0.697996883544893,1.0,1.0,0.0,False,False,0.2565496043410838
1721,0.8654970760233918,-0.7319587628866179,0.0,0.0,0.0,False,0.0,0,0,0,1.0,-0.6973110320497193,0.0,0.0,0.0,False,False,0.2565496043410838
1722,0.8810916179337235,-0.7319587628866179,0.0,0.0,0.0,False,0.0,0,0,0,1.0,-0.6973110320497193,0.0,0.0,0.0,False,False,0.265386471083934
1723,0.8810916179337235,-0.7319587628866179,0.0,0.0,0.0,False,0.0,0,0,0,1.0,-0.6973110320497193,0.0,0.0,0.0,False,False,0.265386471083934
1724,0.8810916179337235,-0.7319587628866179,0.0,0.0,0.0,False,0.0,1,0,0,1.2609349934800678,-0.6973110320497193,0.0,0.0,0.0,False,False,0.265386471083934
1725,0.8774319066147863,-0.7319587628866179,0.0,0.0,0.0,False,0.0,1,0,0,1.2609349934800678,-0.6973110320497193,0.0,0.0,0.0,False,False,0.265386471083934
1726,0.8713450292397668,-0.7319587628866179,0.0,-0.7800000000000116,-0.7448423947460854,False,1.7,1,0,0,1.2609349934800678,-0.6973110320497193,0.0,0.0,0.0,False,False,0.265386471083934
1727,0.862135922330097,-0.7319587628866179,0.0,0.0,0.0,False,0.0,1,0,0,1.2609349934800678,0.0875118473285095,0.0,0.0,0.0,False,False,4.894601720260596
1728,0.8759689922480619,-0.7319587628866179,0.0,0.0,0.0,False,0.0,1,0,0,1.2609349934800678,0.0875118473285095,0.0,0.0,0.0,False,False,4.894601720260596
1729,0.8740310077519379,-0.7319587628866179,0.0,0.0,0.0,False,0.0,1,0,0,1.2609349934800678,0.0875118473285095,0.0,0.0,0.0,False,False,4.894601720260596
1730,0.8740310077519379,-0.7319587628866179,0.0,0.0,0.0,False,0.0,0,0,0,1.0,0.0875118473285095,0.0,0.0,0.2580332146195896,False,True,4.894601720260596
1731,0.8740310077519379,-0.7319587628866179,0.0,0.0,0.0,False,0.0,1,1,1,1.4,0.0875118473285095,0.0,0.0,0.4325385101968041,False,True,4.894601720260596
1732,0.8557692307692307,-0.7319587628866179,0.0,0.0,0.0,False,0.0,1,1,1,1.4,0.0875118473285095,0.0,0.0,0.0,False,False,4.894601720260596
1733,0.8181818181818179,-0.7319587628866179,0.0,-0.5574614065179809,-0.3722694585931376,False,2.2194229690510454,1,1,1,1.4,0.0875118473285095,0.0,0.0,0.0,False,False,4.894601720260596
1734,0.7788279773156902,-0.7319587628866179,0.0,0.0,0.0,False,0.0,0,0,0,1.0,0.4698039155444232,1.0,1.0,0.0,False,False,1.0221736673948447
1735,0.7693761814744806,-0.7319587628866179,0.0,0.0,0.0,False,0.0,1,0,0,1.2609349934800678,0.462446524571233,0.0,0.0,0.0,False,False,1.0221736673948447
1736,0.7716981132075473,-0.7319587628866179,0.0,0.0,0.0,False,0.0,1,0,0,1.2609349934800678,0.462446524571233,0.0,0.0,0.0,False,False,1.0221736673948447
1737,0.7716981132075473,-0.7319587628866179,0.0,0.0,0.0,False,0.0,1,0,0,1.2609349934800678,0.462446524571233,0.0,0.0,0.0,False,False,1.0221736673948447
1738,0.7716981132075473,-0.7319587628866179,0.0,0.0,0.0,False,0.0,1,0,0,1.2609349934800678,0.462446524571233,0.0,0.0,0.0,False,False,1.0221736673948447
1739,0.7292817679558011,-0.7319587628866179,1.0,0.0,0.0,False,0.0,1,0,0,1.2609349934800678,0.462446524571233,0.0,0.0,0.0,False,False,1.0221736673948447
1740,0.7007299270072991,-0.7319587628866179,1.0,-0.7208480565371002,0.019223540604507,False,2.0087294654213985,1,0,0,1.2609349934800678,0.462446524571233,0.0,0.0,0.0,False,False,1.0221736673948447
1741,0.6855575868372944,-0.7903780068728671,1.0,0.0,0.0,False,0.0,0,0,0,1.0,-0.2098913127349295,1.0,1.0,0.0,False,False,0.1894041831246672
1742,0.6709090909090907,-0.7903780068728671,0.0,0.0,0.0,False,0.0,0,0,0,1.0,-0.2098913127349295,0.0,0.0,0.0,False,False,0.1894041831246672
1743,0.5869565217391308,-0.7903780068728671,0.0,0.0,0.0,False,0.0,0,0,0,1.0,-0.2098913127349295,0.0,0.0,0.0,False,False,0.1896504738226816
1744,0.5869565217391308,-0.7903780068728671,0.0,0.0,0.0,False,0.0,0,0,0,1.0,-0.2098913127349295,0.0,0.0,0.0,False,False,0.1896504738226816
1745,0.5869565217391308,-0.7903780068728671,0.0,0.0,0.0,False,0.0,0,0,0,1.0,-0.2098913127349295,0.0,0.0,0.0,False,False,0.1896504738226816
1746,0.5869565217391308,-0.7903780068728671,0.0,0.0,0.0,False,0.0,0,0,0,1.0,-0.2098913127349295,0.0,0.0,0.0,False,False,0.1896504738226816
1747,0.5804701627486439,-0.7903780068728671,0.0,-0.5265017667844685,-0.6870503509968844,False,0.6979186224515532,1,0,0,1.2609349934800678,-0.2098913127349295,0.0,0.0,0.0,False,False,0.1896504738226816
1748,0.5776173285198558,-0.7903780068728671,0.0,0.0,0.0,False,0.0,1,0,0,1.2609349934800678,0.2225119417725529,1.0,1.0,0.0,False,False,1.2336812431036412
1749,0.5801801801801804,-0.7903780068728671,0.0,0.0,0.0,False,0.0,1,0,0,1.2609349934800678,0.2203510787737873,0.0,0.0,0.0,False,False,1.2336812431036412
1750,0.590990990990991,-0.7903780068728671,0.0,0.0,0.0,False,0.0,0,0,0,1.0,0.2203510787737873,0.0,0.0,0.0,False,False,1.2336812431036412
1751,0.590990990990991,-0.7903780068728671,0.0,0.0,0.0,False,0.0,0,0,0,1.0,0.2203510787737873,0.0,0.0,0.0,False,False,1.2336812431036412
1752,0.590990990990991,-0.7903780068728671,0.0,0.0,0.0,False,0.0,1,0,0,1.2609349934800678,0.2203510787737873,0.0,0.0,0.0,False,False,1.2336812431036412
1753,0.5845323741007198,-0.7903780068728671,0.0,0.0,0.0,False,0.0,1,0,0,1.2609349934800678,0.2203510787737873,0.0,0.0,0.0,False,False,1.2336812431036412
1754,0.5711711711711714,-0.7903780068728671,0.0,-1.8055299539170184,-0.7439240303141927,False,-0.3241836494177781,1,0,0,1.2609349934800678,0.2203510787737873,0.0,0.0,0.0,False,False,1.2336812431036412
1755,0.5430579964850616,-0.7903780068728671,0.0,0.0,0.0,False,0.0,0,0,0,1.0,-0.4347456227788543,1.0,1.0,0.0,False,False,-0.4734516758363233
1756,0.5043630017452008,-0.7903780068728671,0.0,0.0,0.0,False,0.0,0,0,0,1.0,-0.4347456227788543,0.0,0.0,0.0,False,False,-0.4734516758363233
1757,0.5052447552447557,-0.7903780068728671,0.0,0.0,0.0,False,0.0,0,0,0,1.0,-0.467290052705341,0.0,0.0,0.0,False,False,-0.4713920086773885
1758,0.5052447552447557,-0.7903780068728671,0.0,0.0,0.0,False,0.0,0,0,0,1.0,-0.467290052705341,0.0,0.0,0.0,False,False,-0.4713920086773885
1759,0.5052447552447557,-0.7903780068728671,0.0,0.0,0.0,False,0.0,1,0,0,1.2609349934800678,-0.467290052705341,0.0,0.0,0.5077627065728592,False,True,-0.4713920086773885
1760,0.473776223776224,-0.7903780068728671,0.0,0.0,0.0,False,0.0,1,0,0,1.2609349934800678,-0.467290052705341,0.0,0.0,0.0,False,False,-0.4713920086773885
1761,0.4732297063903278,-0.7903780068728671,0.0,-0.8053949903661024,0.0223044579874821,False,2.4562801998789543,1,0,0,1.2609349934800678,-0.467290052705341,0.0,0.0,0.0,False,False,-0.4713920086773885
1762,0.4645941278065633,-0.7903780068728671,0.0,0.0,0.0,False,0.0,1,1,0,1.4,3.41827521415148,1.0,1.0,0.0,False,False,2.440717050037601
1763,0.4473229706390328,-0.7903780068728671,0.0,0.0,0.0,False,0.0,0,1,0,1.4,3.41827521415148,0.0,0.0,0.0,False,False,2.440717050037601
1764,0.406779661016949,-0.7903780068728671,0.0,0.0,0.0,False,0.0,1,1,0,1.4,3.354569545874264,0.0,0.0,0.1198257272279432,False,False,2.436158953799585
1765,0.4003378378378373,-0.7903780068728671,0.0,0.0,0.0,False,0.0,1,0,0,1.2609349934800678,3.354569545874264,0.0,0.0,0.4616502566680274,False,True,2.436158953799585
1766,0.4003378378378373,-0.7903780068728671,0.0,0.0,0.0,False,0.0,1,0,0,1.2609349934800678,3.354569545874264,0.0,0.0,0.7064320144696367,False,True,2.436158953799585
1767,0.4003378378378373,-0.7903780068728671,0.0,0.0,0.0,False,0.0,0,0,0,1.0,3.354569545874264,0.0,0.0,0.7064785082905639,False,True,2.436158953799585
1768,0.4003378378378373,-0.7903780068728671,0.0,0.0,0.0,False,0.0,1,0,0,1.2609349934800678,3.354569545874264,0.0,0.0,0.7064785082906107,False,True,2.436158953799585
1769,0.3956228956228951,-0.7903780068728671,0.0,-2.4152046783625307,-0.2646605599900926,False,3.3038830747604653,1,0,0,1.2609349934800678,3.354569545874264,0.0,0.0,0.5346649960514193,False,True,2.436158953799585
1770,0.3999999999999998,-0.7903780068728671,0.0,0.0,0.0,False,0.0,1,0,0,1.2609349934800678,3.354569545874264,0.0,0.0,0.5601252664028209,False,True,2.436158953799585
1771,0.3916666666666669,-0.7903780068728671,0.0,0.0,0.0,False,0.0,0,0,0,1.0,3.354569545874264,0.0,0.0,0.4632463011865046,False,True,2.3886377234160148
1772,0.3916666666666669,-0.7903780068728671,0.0,0.0,0.0,False,0.0,0,0,0,1.0,3.354569545874264,0.0,0.0,0.6350489626936932,False,True,2.3886377234160148
1773,0.3916666666666669,-0.7903780068728671,0.0,0.0,0.0,False,0.0,0,0,0,1.0,3.354569545874264,0.0,0.0,0.7826135566284805,False,True,2.3886377234160148
1774,0.3843594009983362,-0.7903780068728671,1.0,0.0,0.0,False,0.0,0,0,0,1.0,3.354569545874264,0.0,0.0,0.7293647923112953,False,True,2.3886377234160148
1775,0.3355371900826445,-0.7903780068728671,1.0,-2.561403508771888,-0.1928689705299586,False,3.7544273084819455,0,0,0,1.0,3.354569545874264,0.0,0.0,0.1626641939119309,False,False,2.3886377234160148
1776,0.3630363036303629,-0.8900343642612039,1.0,0.0,0.0,False,0.0,0,0,0,1.0,-15.558514644296787,0.0,0.0,0.3364432234658929,False,True,5.011305199284109
1777,0.3768595041322315,-0.8900343642612039,0.0,0.0,0.0,False,0.0,0,0,0,1.0,-15.558514644296787,0.0,0.0,0.0,False,False,5.011305199284109
1778,0.3729372937293727,-0.8900343642612039,0.0,0.0,0.0,False,0.0,0,0,0,1.0,-15.7938533717044,0.0,0.0,0.0,False,False,5.011305199284109
1779,0.3729372937293727,-0.8900343642612039,0.0,0.0,0.0,False,0.0,0,0,0,1.0,-15.7938533717044,0.0,0.0,0.0,False,False,5.011305199284109
1780,0.3729372937293727,-0.8900343642612039,0.0,0.0,0.0,False,0.0,1,0,0,1.2609349934800678,-15.7938533717044,0.0,0.0,0.0,False,False,5.011305199284109
1781,0.3576158940397351,-0.8900343642612039,0.0,0.0,0.0,False,0.0,1,0,0,1.2609349934800678,-15.7938533717044,0.0,0.0,0.0,False,False,5.011305199284109
1782,0.3465346534653464,-0.8900343642612039,0.0,-2.615384615384571,-0.0419348841815596,False,4.659391850252045,1,0,0,1.2609349934800678,-15.7938533717044,0.0,0.0,0.0,False,False,5.011305199284109
1783,0.3097199341021415,-0.8900343642612039,0.0,0.0,0.0,False,0.0,1,0,0,1.2609349934800678,-0.3559046507304305,1.0,1.0,0.0,False,False,-0.0789377799569553
1784,0.3003300330033004,-0.8900343642612039,0.0,0.0,0.0,False,0.0,1,0,0,1.2609349934800678,-0.3559046507304305,0.0,0.0,0.0,False,False,-0.0789377799569553
1785,0.2906976744186044,-0.8900343642612039,0.0,0.0,0.0,False,0.0,1,0,0,1.2609349934800678,-0.3706835033159223,0.0,0.0,0.0,False,False,-0.054158622636057
1786,0.2906976744186044,-0.8900343642612039,0.0,0.0,0.0,False,0.0,0,0,0,1.0,-0.3706835033159223,0.0,0.0,0.0,False,False,-0.054158622636057
1787,0.2906976744186044,-0.8900343642612039,0.0,0.0,0.0,False,0.0,0,0,0,1.0,-0.3706835033159223,0.0,0.0,0.0,False,False,-0.054158622636057
1788,0.2890365448504981,-0.8900343642612039,0.0,0.0,0.0,False,0.0,1,0,0,1.2609349934800678,-0.3706835033159223,0.0,0.0,0.0,False,False,-0.054158622636057
1789,0.2866666666666664,-0.8900343642612039,0.0,-2.468895078922983,-0.0689989890999256,False,4.32890581367951,1,0,0,1.2609349934800678,-0.3706835033159223,0.0,0.0,0.0,False,False,-0.054158622636057
1790,0.2814070351758794,-0.8900343642612039,0.0,0.0,0.0,False,0.0,1,0,0,1.2609349934800678,3.112633690483704,1.0,1.0,0.0,False,False,-0.3550639132687402
1791,0.268251273344652,-0.8900343642612039,0.0,0.0,0.0,False,0.0,1,0,0,1.2609349934800678,3.112633690483704,0.0,0.0,0.0,False,False,-0.3550639132687402
1792,0.2645051194539251,-0.8900343642612039,0.0,0.0,0.0,False,0.0,1,1,0,1.4,3.112633690483704,0.0,0.0,0.0,False,False,-0.3513863377943127
1793,0.2645051194539251,-0.8900343642612039,0.0,0.0,0.0,False,0.0,1,1,0,1.4,3.112633690483704,0.0,0.0,0.0,False,False,-0.3513863377943127
1794,0.2645051194539251,-0.8900343642612039,0.0,0.0,0.0,False,0.0,1,1,0,1.4,3.112633690483704,0.0,0.0,0.0,False,False,-0.3513863377943127
1795,0.2568493150684932,-0.8900343642612039,0.0,0.0,0.0,False,0.0,1,0,0,1.2609349934800678,3.112633690483704,0.0,0.0,0.0,False,False,-0.3513863377943127
1796,0.2534246575342466,-0.8900343642612039,0.0,-2.384748700173378,-0.169912137932801,False,4.823529411764706,1,0,0,1.2609349934800678,3.112633690483704,0.0,0.0,0.0,False,False,-0.3513863377943127
1797,0.2439862542955325,-0.850605652759069,0.0,0.0,0.0,False,0.0,1,0,0,1.2609349934800678,1.2871668668478826,1.0,1.0,0.0,False,False,-0.2531083926617157
1798,0.2736660929432013,-0.850605652759069,0.0,0.0,0.0,False,0.0,1,0,0,1.2609349934800678,1.2871668668478826,0.0,0.0,0.0,False,False,-0.2531083926617157
1799,0.2752613240418118,-0.850605652759069,0.0,0.0,0.0,False,0.0,1,0,0,1.2609349934800678,1.2871668668478826,0.0,0.0,0.0,False,False,-0.2531459890377458
1800,0.2752613240418118,-0.850605652759069,0.0,0.0,0.0,False,0.0,1,0,0,1.2609349934800678,1.2871668668478826,0.0,0.0,0.0,False,False,-0.2531459890377458
1801,0.2752613240418118,-0.850605652759069,0.0,0.0,0.0,False,0.0,0,0,0,1.0,1.2871668668478826,0.0,0.0,0.0,False,False,-0.2531459890377458
1802,0.2757417102966838,-0.850605652759069,1.0,0.0,0.0,False,0.0,0,0,0,1.0,1.2871668668478826,0.0,0.0,0.0,False,False,-0.2531459890377458
1803,0.2539404553415063,-0.850605652759069,1.0,-2.3815126050421247,-0.2206549501090091,False,4.647058823529412,0,0,0,1.0,1.2871668668478826,0.0,0.0,0.0,False,False,-0.2531459890377458
1804,0.1940035273368603,1.124495289367422,1.0,0.0,0.0,False,0.0,0,0,0,1.0,-0.4348402689908615,1.0,1.0,0.0,False,False,-0.3757730391865037
1805,0.1752212389380531,1.124495289367422,0.0,0.0,0.0,False,0.0,0,0,0,1.0,-0.4348402689908615,0.0,0.0,0.0,False,False,-0.3757730391865037
1806,0.1592920353982301,1.124495289367422,0.0,0.0,0.0,False,0.0,0,0,0,1.0,-0.4391581693087653,0.0,0.0,0.0,False,False,-0.344344845653932
1807,0.1592920353982301,1.124495289367422,0.0,0.0,0.0,False,0.0,0,0,0,1.0,-0.4391581693087653,0.0,0.0,0.0,False,False,-0.344344845653932
1808,0.1592920353982301,1.124495289367422,0.0,0.0,0.0,False,0.0,1,0,0,1.2609349934800678,-0.4391581693087653,0.0,0.0,0.0,False,False,-0.344344845653932
1809,0.1474245115452931,1.124495289367422,0.0,0.0,0.0,False,0.0,1,0,0,1.2609349934800678,-0.4391581693087653,0.0,0.0,0.0,False,False,-0.344344845653932
1810,0.1456483126110125,1.124495289367422,0.0,-2.469063545150464,-0.6932263883949444,False,4.886792452830188,1,0,0,1.2609349934800678,-0.4391581693087653,0.0,0.0,0.0,False,False,-0.344344845653932
1811,0.1441281138790036,1.124495289367422,0.0,0.0,0.0,False,0.0,0,0,0,1.0,-0.7261380514008001,1.0,1.0,0.0,False,False,-0.1805409248707707
1812,0.1395348837209301,1.124495289367422,0.0,0.0,0.0,False,0.0,0,0,0,1.0,-0.7261380514008001,0.0,0.0,0.0,False,False,-0.1805409248707707
1813,0.1382405745062836,1.124495289367422,0.0,0.0,0.0,False,0.0,0,0,0,1.0,-0.7261380514008001,0.0,0.0,0.0,False,False,-0.1832131202374866
1814,0.1382405745062836,1.124495289367422,0.0,0.0,0.0,False,0.0,0,0,0,1.0,-0.7261380514008001,0.0,0.0,0.0,False,False,-0.1832131202374866
1815,0.1382405745062836,1.124495289367422,0.0,0.0,0.0,False,0.0,1,0,0,1.2609349934800678,-0.7261380514008001,0.0,0.0,0.0,False,False,-0.1832131202374866
1816,0.1123188405797099,1.124495289367422,0.0,0.0,0.0,False,0.0,1,0,0,1.2609349934800678,-0.7261380514008001,0.0,0.0,0.0,False,False,-0.1832131202374866
1817,0.1651542649727767,1.124495289367422,0.0,-0.953410981697105,0.364971231901967,False,5.054545454545455,1,0,0,1.2609349934800678,-0.7261380514008001,0.0,0.0,0.0,False,False,-0.1832131202374866
1818,0.1290909090909092,1.124495289367422,0.0,0.0,0.0,False,0.0,1,0,0,1.2609349934800678,-0.2491884675549467,1.0,1.0,0.0,False,False,0.2513769428119912
1819,0.1202185792349727,1.124495289367422,0.0,0.0,0.0,False,0.0,1,0,0,1.2609349934800678,-0.2491884675549467,0.0,0.0,0.0,False,False,0.2513769428119912
1820,0.1206581352833638,1.124495289367422,0.0,0.0,0.0,False,0.0,1,0,0,1.2609349934800678,-0.2561992770132321,0.0,0.0,0.0,False,False,0.2597349045069648
1821,0.1206581352833638,1.124495289367422,0.0,0.0,0.0,False,0.0,0,0,0,1.0,-0.2561992770132321,0.0,0.0,0.0,False,False,0.2597349045069648
1822,0.1206581352833638,1.124495289367422,0.0,0.0,0.0,False,0.0,1,0,0,1.2609349934800678,-0.2561992770132321,0.0,0.0,0.0,False,False,0.2597349045069648
1823,0.1192660550458716,1.124495289367422,0.0,0.0,0.0,False,0.0,1,1,1,1.4,-0.2561992770132321,0.0,0.0,0.0,False,False,0.2597349045069648
1824,0.1192660550458716,1.124495289367422,0.0,0.91235392320534,-1.086805154357912,False,6.695652173913044,1,1,1,1.4,-0.2561992770132321,0.0,0.0,0.0,False,False,0.2597349045069648
1825,0.1192660550458716,1.124495289367422,0.0,0.0,0.0,False,0.0,1,1,1,1.4,-0.2561992770132321,0.0,0.0,0.0,False,False,0.2597349045069648
1826,0.1192660550458716,1.124495289367422,0.0,0.0,0.0,False,0.0,0,0,0,1.0,-0.2561992770132321,0.0,0.0,0.0,False,False,0.2597349045069648
1827,0.1192660550458716,1.124495289367422,0.0,0.0,0.0,False,0.0,0,0,0,1.0,-0.2564621530362782,0.0,0.0,0.0,False,False,0.270449766355575
1828,0.1192660550458716,1.124495289367422,0.0,0.0,0.0,False,0.0,0,0,0,1.0,-0.2564621530362782,0.0,0.0,0.0,False,False,0.270449766355575
1829,0.1192660550458716,1.124495289367422,0.0,0.0,0.0,False,0.0,0,0,0,1.0,-0.2564621530362782,0.0,0.0,0.0,False,False,0.270449766355575
1830,0.1192660550458716,1.124495289367422,0.0,0.0,0.0,False,0.0,0,0,0,1.0,-0.2564621530362782,0.0,0.0,0.0,False,False,0.270449766355575
1831,0.1192660550458716,1.124495289367422,0.0,0.0,0.0,False,0.0,0,0,0,1.0,-0.2564621530362782,0.0,0.0,0.0,False,False,0.270449766355575
1832,0.1192660550458716,1.124495289367422,0.0,0.0,0.0,False,0.0,0,0,0,1.0,-0.2564621530362782,0.0,0.0,0.0,False,False,0.270449766355575
1833,0.1192660550458716,1.124495289367422,0.0,0.0,0.0,False,0.0,0,0,0,1.0,-0.2564621530362782,0.0,0.0,0.0,False,False,0.270449766355575
1834,0.1192660550458716,1.124495289367422,0.0,0.0,0.0,False,0.0,0,0,0,1.0,-0.2448888568673362,0.0,0.0,0.0,False,False,0.2740377043910165
1835,0.1192660550458716,1.124495289367422,0.0,0.0,0.0,False,0.0,0,0,0,1.0,-0.2448888568673362,0.0,0.0,0.0,False,False,0.2740377043910165
1836,0.1192660550458716,1.124495289367422,0.0,0.0,0.0,False,0.0,1,0,0,1.2609349934800678,-0.2448888568673362,0.0,0.0,0.0,False,False,0.2740377043910165
1837,0.0678899082568809,1.124495289367422,1.0,0.0,0.0,False,0.0,1,0,0,1.2609349934800678,-0.2448888568673362,0.0,0.0,0.0,False,False,0.2740377043910165
1838,0.0055555555555554,1.124495289367422,1.0,-1.545986622073555,-0.2161073640489102,False,4.278260869565218,1,0,0,1.2609349934800678,-0.2448888568673362,0.0,0.0,0.0,False,False,0.2740377043910165
1839,0.0703703703703705,0.4179004037685049,1.0,0.0,0.0,False,0.0,1,0,0,1.2609349934800678,-0.1547017119727225,1.0,1.0,0.5904816087642635,False,True,-0.8283185394040944
1840,0.0871985157699444,0.4179004037685049,0.0,0.0,0.0,False,0.0,1,0,0,1.2609349934800678,-0.1547017119727225,0.0,0.0,0.7875102714805177,False,True,-0.8283185394040944
1841,0.116883116883117,0.4179004037685049,0.0,0.0,0.0,False,0.0,1,0,0,1.2609349934800678,-0.14820601589539,0.0,0.0,1.2033253633389849,False,True,-0.8174734785041946
1842,0.116883116883117,0.4179004037685049,0.0,0.0,0.0,False,0.0,0,0,0,1.0,-0.14820601589539,0.0,0.0,1.3064739240193293,False,True,-0.8174734785041946
1843,0.116883116883117,0.4179004037685049,0.0,0.0,0.0,False,0.0,0,0,0,1.0,-0.14820601589539,0.0,0.0,1.806921823274979,False,True,-0.8174734785041946
1844,0.0951492537313432,0.4179004037685049,0.0,0.0,0.0,False,0.0,1,0,0,1.2609349934800678,-0.14820601589539,0.0,0.0,1.79810308351164,False,True,-0.8174734785041946
1845,0.0917602996254681,0.4179004037685049,0.0,-2.049916805324344,-0.1877857347281486,False,3.966666666666667,1,0,0,1.2609349934800678,-0.14820601589539,0.0,0.0,1.7298565486743105,False,True,-0.8174734785041946
1846,0.0863039399624766,0.4179004037685049,0.0,0.0,0.0,False,0.0,1,0,0,1.2609349934800678,-0.7759982263446137,1.0,1.0,2.3721824069926827,False,True,2.257638342070756
1847,0.0847457627118645,0.4179004037685049,0.0,0.0,0.0,False,0.0,0,0,0,1.0,-0.7759982263446137,0.0,0.0,2.551842858964684,False,True,2.257638342070756
1848,0.0584905660377356,0.4179004037685049,0.0,0.0,0.0,False,0.0,0,0,0,1.0,-0.7759982263446137,0.0,0.0,2.826996055114447,False,True,2.257638342070756
1849,0.0584905660377356,0.4179004037685049,0.0,0.0,0.0,False,0.0,0,0,0,1.0,-0.7759982263446137,0.0,0.0,3.002420674740392,False,True,2.257638342070756
1850,0.0584905660377356,0.4179004037685049,0.0,0.0,0.0,False,0.0,1,0,0,1.2609349934800678,-0.7759982263446137,0.0,0.0,3.1554031401020666,False,True,2.257638342070756
1851,0.0642722117202268,0.4179004037685049,0.0,0.0,0.0,False,0.0,1,0,0,1.2609349934800678,-0.7759982263446137,0.0,0.0,2.894008797911695,False,True,2.257638342070756
1852,0.060952380952381,0.4179004037685049,0.0,-0.5389007851534083,-0.4487972447637004,False,4.180598677685951,1,0,0,1.2609349934800678,-0.7759982263446137,0.0,0.0,2.42840012542926,False,True,2.257638342070756
1853,0.0629770992366412,0.4179004037685049,0.0,0.0,0.0,False,0.0,1,0,0,1.2609349934800678,-0.0135450847228486,1.0,1.0,2.9838631038236723,False,True,-0.6975693613806757
1854,0.1053639846743296,0.4179004037685049,0.0,0.0,0.0,False,0.0,1,1,0,1.4,-0.0135450847228486,0.0,0.0,4.004934754117049,False,True,-0.6975693613806757
1855,0.0942307692307692,0.4179004037685049,0.0,0.0,0.0,False,0.0,0,1,0,1.4,-0.0135450847228486,0.0,0.0,3.778548582833889,False,True,-0.6745
1856,0.0942307692307692,0.4179004037685049,0.0,0.0,0.0,False,0.0,0,1,0,1.4,-0.0135450847228486,0.0,0.0,3.7758114461855454,False,True,-0.6745
1857,0.0942307692307692,0.4179004037685049,0.0,0.0,0.0,False,0.0,1,0,0,1.2609349934800678,-0.0135450847228486,0.0,0.0,3.739727878202792,False,True,-0.6745
1858,0.0791505791505791,0.4179004037685049,0.0,0.0,0.0,False,0.0,1,0,0,1.2609349934800678,-0.0135450847228486,0.0,0.0,3.542223583820045,False,True,-0.6745
1859,0.0772200772200772,0.4179004037685049,0.0,-1.98504983388696,-0.8280336454587742,False,3.136315322770952,1,0,0,1.2609349934800678,-0.0135450847228486,0.0,0.0,3.2800109048417543,False,True,-0.6745
1860,0.0502901353965183,0.4179004037685049,0.0,0.0,0.0,False,0.0,1,0,0,1.2609349934800678,0.0471115805459966,1.0,1.0,2.9622905022469164,False,True,1.3012199926095271
1861,0.0291828793774319,0.4179004037685049,0.0,0.0,0.0,False,0.0,1,0,0,1.2609349934800678,0.0471115805459966,0.0,0.0,2.892711741025756,False,True,1.3012199926095271
1862,-0.0058479532163741,0.4370161857846601,0.0,0.0,0.0,False,0.0,1,0,0,1.2609349934800678,0.0473519369141645,0.0,0.0,2.847975201860535,False,True,1.2924087103351476
1863,-0.0058479532163741,0.4370161857846601,0.0,0.0,0.0,False,0.0,0,0,0,1.0,0.0473519369141645,0.0,0.0,2.8057482219341074,False,True,1.2924087103351476
1864,-0.0058479532163741,0.4370161857846601,0.0,0.0,0.0,False,0.0,1,0,0,1.2609349934800678,0.0473519369141645,0.0,0.0,2.7989698271257404,False,True,1.2924087103351476
1865,-0.0214424951267055,0.4370161857846601,1.0,0.0,0.0,False,0.0,1,0,0,1.2609349934800678,0.0473519369141645,0.0,0.0,2.7989698271257404,False,True,1.2924087103351476
1866,-0.0389863547758283,0.4370161857846601,1.0,-1.506885245901646,-0.8916675984000872,False,3.8244525806451617,1,0,0,1.2609349934800678,0.0473519369141645,0.0,0.0,2.743544682687137,False,True,1.2924087103351476
1867,-0.0234374999999998,0.7572132301196475,1.0,0.0,0.0,False,0.0,0,0,0,1.0,0.4835312148894882,1.0,1.0,2.660406965197856,False,True,0.6401500905789238
1868,-0.0234374999999998,0.7572132301196475,0.0,0.0,0.0,False,0.0,0,0,0,1.0,0.4835312148894882,0.0,0.0,2.5772692477085744,False,True,0.6401500905789238
1869,-0.0234374999999998,0.7572132301196475,0.0,0.0,0.0,False,0.0,0,0,0,1.0,0.4835312148894882,0.0,0.0,2.549556675212147,False,True,0.6344813568815941
1870,-0.0234374999999998,0.7572132301196475,0.0,0.0,0.0,False,0.0,0,0,0,1.0,0.4835312148894882,0.0,0.0,2.549556675212147,False,True,0.6344813568815941
1871,-0.0234374999999998,0.7572132301196475,0.0,0.0,0.0,False,0.0,1,0,0,1.2609349934800678,0.4835312148894882,0.0,0.0,2.549556675212147,False,True,0.6344813568815941
1872,-0.0684931506849314,0.7572132301196475,0.0,0.0,0.0,False,0.0,1,0,0,1.2609349934800678,0.4835312148894882,0.0,0.0,2.549556675212147,False,True,0.6344813568815941
1873,-0.0490196078431372,0.7572132301196475,0.0,-1.4582309582309667,-0.7471986345218721,False,3.617263628083852,1,0,0,1.2609349934800678,0.4835312148894882,0.0,0.0,2.3832812402335843,False,True,0.6344813568815941
1874,-0.0255905511811021,0.7572132301196475,0.0,0.0,0.0,False,0.0,0,0,0,1.0,-0.5494999612951923,1.0,1.0,2.3289645981405878,False,True,0.2099753651225907
1875,-0.0236686390532542,0.7572132301196475,0.0,0.0,0.0,False,0.0,1,0,0,1.2609349934800678,-0.5494999612951923,0.0,0.0,2.050730370276459,False,True,0.2099753651225907
1876,-0.0138067061143981,0.7572132301196475,0.0,0.0,0.0,False,0.0,1,0,0,1.2609349934800678,-0.5518569794058489,0.0,0.0,2.116132041368027,False,True,0.2099753651225907
1877,-0.0138067061143981,0.7572132301196475,0.0,0.0,0.0,False,0.0,1,0,0,1.2609349934800678,-0.5518569794058489,0.0,0.0,2.2535864009503057,False,True,0.2099753651225907
1878,-0.0138067061143981,0.7572132301196475,0.0,0.0,0.0,False,0.0,0,0,0,1.0,-0.5518569794058489,0.0,0.0,2.3079030430433027,False,True,0.2099753651225907
1879,-0.0138067061143981,0.7572132301196475,0.0,0.0,0.0,False,0.0,1,0,0,1.2609349934800678,-0.5518569794058489,0.0,0.0,2.3079030430433027,False,True,0.2099753651225907
1880,-0.0118343195266269,0.7572132301196475,0.0,-1.188701923076886,-0.2328058592116954,False,3.666469758130681,1,0,0,1.2609349934800678,-0.5518569794058489,0.0,0.0,2.2524778980504485,False,True,0.2099753651225907
1881,-0.0237154150197626,0.7572132301196475,0.0,0.0,0.0,False,0.0,1,0,0,1.2609349934800678,-0.6145892083884332,1.0,1.0,2.334507112085621,False,True,-0.1921532995499542
1882,-0.0237623762376235,0.7572132301196475,0.0,0.0,0.0,False,0.0,1,1,0,1.4,-0.6145892083884332,0.0,0.0,2.499674043610076,False,True,-0.1921532995499542
1883,-0.0138888888888885,0.7572132301196475,0.0,0.0,0.0,False,0.0,1,1,0,1.4,-0.6138134388769722,0.0,0.0,2.272430950247876,False,True,-0.1921532995499542
1884,-0.0138888888888885,0.7572132301196475,0.0,0.0,0.0,False,0.0,1,1,0,1.4,-0.6138134388769722,0.0,0.0,2.4608764426693286,False,True,-0.1921532995499542
1885,-0.0138888888888885,0.7572132301196475,0.0,0.0,0.0,False,0.0,1,0,0,1.2609349934800678,-0.6138134388769722,0.0,0.0,2.6759260046873523,False,True,-0.1921532995499542
1886,-0.0218687872763418,0.7572132301196475,0.0,0.0,0.0,False,0.0,1,0,0,1.2609349934800678,-0.6138134388769722,0.0,0.0,1.9276865500550773,False,True,-0.1921532995499542
1887,-0.0159362549800796,0.7572132301196475,0.0,-1.1851851851851911,-0.2663471656413411,False,3.2794205015291014,1,0,0,1.2609349934800678,-0.6138134388769722,0.0,0.0,1.3246609736413255,False,True,-0.1921532995499542
1888,-0.0059999999999998,0.7572132301196475,0.0,0.0,0.0,False,0.0,1,0,0,1.2609349934800678,-0.1919740004765747,1.0,1.0,1.1096114105147998,False,True,1.0940414313368398
1889,0.002008032128514,0.7572132301196475,0.0,0.0,0.0,False,0.0,1,0,0,1.2609349934800678,-0.1919740004765747,0.0,0.0,1.0697053061199449,False,True,1.0940414313368398
1890,0.0,0.7572132301196475,0.0,0.0,0.0,False,0.0,1,0,0,1.2609349934800678,-0.1941337142582281,0.0,0.0,1.263693312486432,False,True,0.966779318720944
1891,0.0,0.7572132301196475,0.0,0.0,0.0,False,0.0,0,0,0,1.0,-0.1941337142582281,0.0,0.0,1.3191184569250345,False,True,0.966779318720944
1892,0.0,0.7572132301196475,0.0,0.0,0.0,False,0.0,0,0,0,1.0,-0.1941337142582281,0.0,0.0,1.3468310294214616,False,True,0.966779318720944
1893,0.0,0.7572132301196475,0.0,0.0,0.0,False,0.0,1,0,0,1.2609349934800678,-0.1941337142582281,0.0,0.0,1.3468310294214616,False,True,0.966779318720944
1894,-0.0081466395112018,0.851265822784836,1.0,-1.185106382978724,-0.3191119760806221,False,4.142947793790883,1,0,0,1.2609349934800678,-0.1941337142582281,0.0,0.0,1.1251304494500447,False,True,0.966779318720944
1895,-0.0755102040816328,0.7246835443038292,1.0,0.0,0.0,False,0.0,1,0,0,1.2609349934800678,0.6124525922598263,1.0,1.0,1.0697053044571905,False,True,-0.4807303861609678
1896,-0.0899795501022494,0.7246835443038292,0.0,0.0,0.0,False,0.0,0,0,0,1.0,0.6124525922598263,0.0,0.0,0.903429868924376,False,True,-0.4807303861609678
1897,-0.112474437627812,0.7246835443038292,0.0,0.0,0.0,False,0.0,0,0,0,1.0,0.6326479599262387,0.0,0.0,0.986567586413658,False,True,-0.4807303861609678
1898,-0.112474437627812,0.7246835443038292,0.0,0.0,0.0,False,0.0,0,0,0,1.0,0.6326479599262387,0.0,0.0,1.0697053039029394,False,True,-0.4807303861609678
1899,-0.112474437627812,0.7246835443038292,0.0,0.0,0.0,False,0.0,1,0,0,1.2609349934800678,0.6326479599262387,0.0,0.0,1.0974178763993665,False,True,-0.4807303861609678
1900,-0.1211498973305954,0.7246835443038292,0.0,0.0,0.0,False,0.0,1,0,0,1.2609349934800678,0.6326479599262387,0.0,0.0,1.015388661809942,False,True,-0.4807303861609678
1901,-0.131687242798354,0.7246835443038292,0.0,-1.2490463215258825,-0.868316232263967,False,4.799347172083146,1,0,0,1.2609349934800678,0.6326479599262387,0.0,0.0,0.961072020271196,False,True,-0.4807303861609678
1902,-0.131687242798354,0.7246835443038292,0.0,0.0,0.0,False,0.0,0,0,0,1.0,-1.447170945309632,1.0,1.0,0.8502217302854876,False,True,1.2486602220325824
1903,-0.1255144032921812,0.7246835443038292,0.0,0.0,0.0,False,0.0,1,0,0,1.2609349934800678,-1.447170945309632,0.0,0.0,0.961072020271196,False,True,1.2486602220325824
1904,-0.1255144032921812,0.7246835443038292,0.0,0.0,0.0,False,0.0,1,0,0,1.2609349934800678,-1.4153961298192876,0.0,0.0,1.0153886623641932,False,True,1.223776304854564
1905,-0.1255144032921812,0.7246835443038292,0.0,0.0,0.0,False,0.0,1,0,0,1.2609349934800678,-1.4153961298192876,0.0,0.0,1.3202269598248917,False,True,1.223776304854564
1906,-0.1255144032921812,0.7246835443038292,0.0,0.0,0.0,False,0.0,0,0,0,1.0,-1.4153961298192876,0.0,0.0,1.3202269598248917,False,True,1.223776304854564
1907,-0.1469979296066254,0.7246835443038292,0.0,0.0,0.0,False,0.0,0,0,0,1.0,-1.4153961298192876,0.0,0.0,1.2925143873284646,False,True,1.223776304854564
1908,-0.1104166666666668,0.7246835443038292,0.0,-0.8078975453575282,0.1435989763227309,False,4.63768115942029,1,0,0,1.2609349934800678,-1.4153961298192876,0.0,0.0,1.2925143873284646,False,True,1.223776304854564
1909,-0.1050420168067226,0.7246835443038292,0.0,0.0,0.0,False,0.0,1,0,0,1.2609349934800678,-0.3643870517891829,1.0,1.0,1.153951524846329,False,True,0.0582381694456283
1910,-0.1323529411764707,0.7246835443038292,0.0,0.0,0.0,False,0.0,1,0,0,1.2609349934800678,-0.3643870517891829,0.0,0.0,0.974940716312451,False,True,0.0582381694456283
1911,-0.1368421052631579,0.7246835443038292,0.0,0.0,0.0,False,0.0,0,0,0,1.0,-0.3643870517891829,0.0,0.0,0.4780640120717598,False,True,0.0510588713470283
1912,-0.1368421052631579,0.7246835443038292,0.0,0.0,0.0,False,0.0,0,0,0,1.0,-0.3643870517891829,0.0,0.0,0.7547214207024036,False,True,0.0510588713470283
1913,-0.1368421052631579,0.7246835443038292,0.0,0.0,0.0,False,0.0,1,1,1,1.4,-0.3643870517891829,0.0,0.0,1.5282555335737391,False,True,0.0510588713470283
1914,-0.1221052631578947,0.7246835443038292,0.0,0.0,0.0,False,0.0,1,1,1,1.4,-0.3643870517891829,0.0,0.0,0.3031664321723609,False,True,0.0510588713470283
1915,-0.1127659574468087,0.7246835443038292,0.0,-0.97450110864747,-0.3170612628269692,False,4.742857142857143,1,1,1,1.4,-0.3643870517891829,0.0,0.0,0.0,False,False,0.0510588713470283
1916,-0.1094420600858369,0.7246835443038292,0.0,0.0,0.0,False,0.0,1,0,0,1.2609349934800678,0.0624947101937695,1.0,1.0,0.0818906018060479,False,False,0.1301309548083664
1917,-0.1053763440860215,0.7246835443038292,0.0,0.0,0.0,False,0.0,1,0,0,1.2609349934800678,0.0624947101937695,0.0,0.0,0.3996576822513412,False,True,0.1301309548083664
1918,-0.103896103896104,0.7246835443038292,0.0,0.0,0.0,False,0.0,1,0,0,1.2609349934800678,0.0624947101937695,0.0,0.0,0.462603045656923,False,True,0.1059468713136641
1919,-0.103896103896104,0.7246835443038292,0.0,0.0,0.0,False,0.0,1,0,0,1.2609349934800678,0.0624947101937695,0.0,0.0,0.7401329048722727,False,True,0.1059468713136641
1920,-0.103896103896104,0.7246835443038292,0.0,0.0,0.0,False,0.0,1,0,0,1.2609349934800678,0.0624947101937695,0.0,0.0,0.808739329676249,False,True,0.1059468713136641
1921,-0.1130434782608694,0.7246835443038292,0.0,0.0,0.0,False,0.0,1,0,0,1.2609349934800678,0.0624947101937695,0.0,0.0,0.3754269577894038,False,True,0.1059468713136641
1922,-0.1239130434782609,0.8185880250223982,0.0,-1.1392124237382135,-0.4466365046345726,False,5.211267605633803,1,0,0,1.2609349934800678,0.0624947101937695,0.0,0.0,0.311591934240861,False,True,0.1059468713136641
1923,-0.1239130434782609,0.8185880250223982,0.0,0.0,0.0,False,0.0,1,0,0,1.2609349934800678,-0.4873541282367342,1.0,1.0,0.0,False,False,-0.256585787362739
1924,-0.1282608695652173,0.8185880250223982,0.0,0.0,0.0,False,0.0,0,0,0,1.0,-0.4873541282367342,0.0,0.0,0.0,False,False,-0.256585787362739
1925,-0.1372549019607845,0.8185880250223982,0.0,0.0,0.0,False,0.0,0,0,0,1.0,-0.4873541282367342,0.0,0.0,0.0,False,False,-0.256585787362739
1926,-0.1372549019607845,0.8185880250223982,0.0,0.0,0.0,False,0.0,0,0,0,1.0,-0.4873541282367342,0.0,0.0,0.0,False,False,-0.256585787362739
1927,-0.1372549019607845,0.8185880250223982,0.0,0.0,0.0,False,0.0,0,0,0,1.0,-0.4873541282367342,0.0,0.0,0.0,False,False,-0.256585787362739
1928,-0.1553610503282277,0.8185880250223982,1.0,0.0,0.0,False,0.0,1,0,0,1.2609349934800678,-0.4873541282367342,0.0,0.0,0.0,False,False,-0.256585787362739
1929,-0.1995614035087719,0.8185880250223982,1.0,-1.15375982042651,-0.8132297852160035,False,4.736111111111111,1,0,0,1.2609349934800678,-0.4873541282367342,0.0,0.0,0.0,False,False,-0.256585787362739
1930,-0.1890109890109893,0.8185880250223982,1.0,0.0,0.0,False,0.0,1,0,0,1.2609349934800678,0.2778501711499225,1.0,1.0,0.0,False,False,0.4748639424142751
